2018-03-20 18:16:34,"RT @liusben: https://t.co/Ih1mZognfq
#SalAVotarPENSANDO #La #ClasePol√≠tica de #M√©xico une #Fuerzas #Diversas #Meade #PRI #PAN #PRD #CSG #Je‚Ä¶"
2018-03-20 17:53:29,#mexico Surf en la Riviera Nayarit https://t.co/SIynIX2wb5 https://t.co/PlbBdlHfjJ
2018-03-20 17:46:17,RT @UNESCO_MAB: Our #BiosphereReserveOfTheDay is La Primavera #Mexico ‚û°Ô∏èhttps://t.co/dFhk2B2Rjp @BosquePrimavera @UNESCOMexico @WeVisitMexi‚Ä¶
2018-03-20 17:45:28,"RT @JonathanSteblin: Thanks Groupe Cr√™te for the excellent visit for our visitors to #MtlWood18
Proud to support #Canada #Mexico #trade @mo‚Ä¶"
2018-03-20 17:35:15,RT @UNESCO_MAB: Our #BiosphereReserveOfTheDay is La Primavera #Mexico ‚û°Ô∏èhttps://t.co/dFhk2B2Rjp @BosquePrimavera @UNESCOMexico @WeVisitMexi‚Ä¶
2018-03-20 17:07:14,Our Mini Nayarit Beach Vacation via @alwaysagringa https://t.co/ONS107CBVt #Mexico #Nayarit https://t.co/teOz3Zg6vR
2018-03-20 17:00:59,"RT @JonathanSteblin: Thanks Groupe Cr√™te for the excellent visit for our visitors to #MtlWood18
Proud to support #Canada #Mexico #trade @mo‚Ä¶"
2018-03-20 16:27:40,"Cr√©puscule. ‚ú®
#Queretaro #Mexico #sky #skylovers #color #NaturePhotography #colorful #colorfulsky #nature‚Ä¶ https://t.co/KvNOJTG17X"
2018-03-20 15:53:23,"RT @JonathanSteblin: Thanks Groupe Cr√™te for the excellent visit for our visitors to #MtlWood18
Proud to support #Canada #Mexico #trade @mo‚Ä¶"
2018-03-20 15:52:51,"Thanks Groupe Cr√™te for the excellent visit for our visitors to #MtlWood18
Proud to support #Canada #Mexico #trade‚Ä¶ https://t.co/QKijOVutgC"
2018-03-20 15:43:17,17/02 &gt; Un puissant #s√©isme secoue #Mexico https://t.co/9Sf7rS9N0F via @Le_Figaro #LaMethSci https://t.co/LU67wEnXN3
2018-03-20 15:00:43,Cirque du Solei*üé™ #JOYAMEXICO #CirqueduSoleil #RivieraMaya #QuintanaRoo #Mexico #VisitMexico‚Ä¶ https://t.co/NoXuYZdmCm
2018-03-20 13:50:14,"Le lac de Chapala, √† Guadalajara, est le plus grand du #M√©xico, avec un bassin de 1,116 km2  https://t.co/PaayxDOW52 https://t.co/9M6CZLt61Z"
2018-03-20 13:50:08,"Le lac de Chapala, √† Guadalajara, est le plus grand du #M√©xico, avec un bassin de 1,116 km2  https://t.co/W6S5Bo9gKw https://t.co/ECtAmUPfcu"
2018-03-20 13:09:51,No comment.  Possible #fakenews?   #mexico https://t.co/jPh6R4ztBt
2018-03-20 13:00:32,"TOMORROW: BEACH CLEANING AT 3PM!
DEMAIN: NETTOYAGE DE PLAGE √Ä 15.00!
Playa del Carmen
#wakeup #respect #sea #nature‚Ä¶ https://t.co/8QqiK0igcT"
2018-03-20 12:42:02,Trumps VS le gouverneur de Mexico üòÇüòÇ #Trump #Mexico #USA # hd720 https://t.co/bFy7s8H5IK via @YouTube
2018-03-20 11:36:56,"RT @ricoromanxxx: Ya saben Follow y Retweet üçÜüçë
#Gay #Verga #Pene #Porn #Cdmx #Mexico #Booty #Ass #Legs #Xxx https://t.co/zS8xH2Yrmm"
2018-03-20 10:43:09,RT @UNESCO_MAB: Our #BiosphereReserveOfTheDay is La Primavera #Mexico ‚û°Ô∏èhttps://t.co/dFhk2B2Rjp @BosquePrimavera @UNESCOMexico @WeVisitMexi‚Ä¶
2018-03-20 00:58:29,"RT @EmbamexHaiti: #BuenasNoticias les pr√©dictions pour la prochaine ann√©e annoncent une production de plus de 4,5 millions de sacs de caf√©‚Ä¶"
2018-03-19 20:24:35,"Parce que Green Wings, c'est bien plus que des excursions √©cologiques...
Faites partie de la cha√Æne Green Wings.‚Ä¶ https://t.co/FeLx8bf5DP"
2018-03-19 19:48:36,"En ce ""d√≠a festivo"" au Mexique, je vous propose une escapade dans l'Etat de #Jalisco √† #Tlaquepaque et au‚Ä¶ https://t.co/FxPQpvcdcX"
2018-03-19 19:46:16,Un salut de Canc√πn üá≤üáΩüåç #photography #Mexico #Wordtourn üåç https://t.co/To2rUlNQTP
2018-03-19 19:32:02,RT @UNESCO_MAB: Our #BiosphereReserveOfTheDay is La Primavera #Mexico ‚û°Ô∏èhttps://t.co/dFhk2B2Rjp @BosquePrimavera @UNESCOMexico @WeVisitMexi‚Ä¶
2018-03-19 19:01:14,3 semaines au #Mexique : de #Canc√πn √† #Mexico &gt; https://t.co/pvxKASz6sn via @MyAtlasTeam https://t.co/qF261KZiYy
2018-03-19 18:45:12,"√âcoutez, personne ne veut que l‚Äô√©conomie am√©ricaine fleurisse plus que le Canada ‚Äì quand vous √™tes prosp√®re nous le‚Ä¶ https://t.co/V9VrizQN39"
2018-03-19 18:34:29,#Mexico pours millions into desalination plants - #energy #BNamericas https://t.co/0idgfH03uX
2018-03-19 18:25:27,RT @Lazociation: AUJOURD'HUI 17 MARS Concert de Karla Lazo et Ricardo Alatorre organis√© par Lazo'ciation √† l'@IdemexParis en partenariat av‚Ä¶
2018-03-19 18:23:24,"@LauraBraga_rt cette art
Artiste tr√®s proche de son public üòâ #Mexico https://t.co/e9kGTt12xc"
2018-03-19 18:12:27,#MagicMoments #M√©xico #TeotihuacanPyramids‚òÄüåë #JeTaimeüíôüêª‚ù§ üòç #JeSuisAmoureuxdElle en Piramides De‚Ä¶ https://t.co/udwANK180K
2018-03-19 18:00:21,Joignez-vous √† nous le 27 mars √† @hiramcollege lorsque des diplomates de carri√®re &amp; des experts en politiques comme‚Ä¶ https://t.co/kVLVhArHeQ
2018-03-19 17:23:54,RT @HackersClothing: Playera Shell Adqui√©rela en #mexico en https://t.co/hKiYvUjkHE Get it! on #usa store https://t.co/8eI3nxJE7K #hackers‚Ä¶
2018-03-19 17:08:12,RT @HackersClothing: Playera Shell Adqui√©rela en #mexico en https://t.co/hKiYvUjkHE Get it! on #usa store https://t.co/8eI3nxJE7K #hackers‚Ä¶
2018-03-19 16:45:17,"#BuenasNoticias les pr√©dictions pour la prochaine ann√©e annoncent une production de plus de 4,5 millions de sacs de‚Ä¶ https://t.co/VS7GKDT9FT"
2018-03-19 16:45:10,"#BuenasNoticias les pr√©dictions pour la prochaine ann√©e annoncent une production de plus de 4,5 millions de sacs de‚Ä¶ https://t.co/duM3wgbts2"
2018-03-19 16:44:50,Playera Shell Adqui√©rela en #mexico en https://t.co/hKiYvUjkHE Get it! on #usa store https://t.co/8eI3nxJE7K‚Ä¶ https://t.co/tsBBhG0QlE
2018-03-19 15:20:36,"Penthouse dentro de #Altura #ResidencialCumbres 

$33,000MN

https://t.co/ueVbUvWbat

#cumbres #cumbrescancun‚Ä¶ https://t.co/wuhA1yg7EU"
2018-03-19 14:40:49,RT @Bridor_FR: [#Mexico] We are once again associated with Rougi√© during a presentation to highlight two central and complementary ingredie‚Ä¶
2018-03-19 14:27:34,"RT @EmbamexHaiti: #BuenasNoticias l‚Äôobjectif de la reforestation progresse de 90 % et dans les prochains mois, nous atteindrons l‚Äôobjectif‚Ä¶"
2018-03-19 14:00:54,"#BuenasNoticias l‚Äôobjectif de la reforestation progresse de 90 % et dans les prochains mois, nous atteindrons l‚Äôobj‚Ä¶ https://t.co/WFye36nPxI"
2018-03-19 14:00:48,"#BuenasNoticias l‚Äôobjectif de la reforestation progresse de 90 % et dans les prochains mois, nous atteindrons l‚Äôobj‚Ä¶ https://t.co/KAgmNWDBZ6"
2018-03-19 13:28:47,"RT @Earthworks: Communities protesting @chemours cyanide production plant in Durango, #Mexico face violent police repression, according to‚Ä¶"
2018-03-19 13:06:21,Our #BiosphereReserveOfTheDay is La Primavera #Mexico ‚û°Ô∏èhttps://t.co/dFhk2B2Rjp @BosquePrimavera @UNESCOMexico‚Ä¶ https://t.co/l7N33KI34X
2018-03-19 12:21:00,"RT @Couleur3: #Les3Singes, tendent le micro √† ceux qu'on ne voit pas, qu'on n'entend pas. Cette semaine, on √©coute Geraldine venant tout dr‚Ä¶"
2018-03-19 12:13:58,"Once #turistas #franceses, #heridos en un #accidente de #tr√°nsito en #M√©xico https://t.co/6bzuzLo0Uk"
2018-03-19 12:00:25,"#Les3Singes, tendent le micro √† ceux qu'on ne voit pas, qu'on n'entend pas. Cette semaine, on √©coute Geraldine vena‚Ä¶ https://t.co/dmzMv12lUi"
2018-03-19 11:26:22,Exclusivit√© Vid√©o censur√©e : Rencontre entre Trump et le Gouverneur de M... https://t.co/b2QMgWHoli a la place du g‚Ä¶ https://t.co/vecKYgzHGZ
2018-03-19 10:59:47,RT @LoliKopleskaiia: NOBLE KFC #streetart #art #artist #Mexico https://t.co/4Orx40aEll
2018-03-19 10:58:38,NOBLE KFC #streetart #art #artist #Mexico https://t.co/4Orx40aEll
2018-03-19 09:41:37,"RT @GROUPESALVEO: Pour soutenir sa strat√©gie dans cette r√©gion du monde, @RYB_Group  a recrut√© un ing√©nieur commercial, bas√© au Mexique, af‚Ä¶"
2018-03-19 09:40:30,De voorbije vijf jaar is het aantal bestrijders van bosbranden in #Mexico verdrievoudigd. https://t.co/fJkmVYkkaU‚Ä¶ https://t.co/7YodndmXvO
2018-03-19 09:18:20,Vacation mode! üòåüëôüå¥üåä‚òÄÔ∏è #Mexico
2018-03-19 07:44:18,#M√©xico üèÜ‚òÖ‚òÖ‚òÖ‚òÖ‚òÖ üá≤üáΩ #Brahman #Houston   ‚ñ∫ JDH VALENTINE DE MANSO 606/5  ‚ñ∫  n¬∞ 2 #Cattle: ‚ñ∫https://t.co/BZZEdmMHWh https://t.co/P0S7RhnWFk
2018-03-19 04:22:30,"#mexico #sayulita √† Sayulita, Nayarit, Mexico https://t.co/xU5bn6Acn6"
2018-03-19 02:45:57,"RT @aguabikinis: Beautiful 
Top üëôRayos de sol 
https://t.co/jQgLNl908T
#bikini #bikinis #swimsuit #swimwear #mixnmatch #mexico #islaholbox‚Ä¶"
2018-03-18 23:13:31,"Rey Wagner and El Hijo de Dr. Wagner Jr
#lucha #luchalibre #Mexico #Mexican #luchador #luchadore #wrestler‚Ä¶ https://t.co/6ZCdZz0XyC"
2018-03-18 22:47:50,RT @SophieNouaille: Joie de vous retrouver ce soir √† 20h en direct de @notredameparis pour commenter la #Nuitdestemoins avec @AEDenFrance‚Ä¶
2018-03-18 22:42:07,RT @SophieNouaille: Joie de vous retrouver ce soir √† 20h en direct de @notredameparis pour commenter la #Nuitdestemoins avec @AEDenFrance‚Ä¶
2018-03-18 21:19:40,En Yautepec #Morelos #M√©xico https://t.co/CdWsoC59OT
2018-03-18 20:56:14,C‚Äômon Spanish lessons! üòÇ #spanish #mexico #lasvegas en Los Lupes 2‚Ä¶ https://t.co/cI7ahzWlb1
2018-03-18 20:17:44,Devil inside #tlaquepaque #mexico #angel #marco #jajaja https://t.co/29cXExaA2S
2018-03-18 19:54:06,"Noche de beats. 

#mexico #mexicanosconx #mexsomenoiseüíõ #nightlife #beats #lights‚Ä¶ https://t.co/XHc5p4WAUk"
2018-03-18 19:05:56,RT @RoutesdesLoci: D‚Äôailleurs si vous connaissez des blogs pour me faire un petit itin√©raire ! #mexico
2018-03-18 18:51:22,D‚Äôailleurs si vous connaissez des blogs pour me faire un petit itin√©raire ! #mexico
2018-03-18 17:20:00,#Catalogne : L'offre a√©rienne propos√©e par @emirates #Airlines entre #Barcelone et #Mexico pourrait b√©n√©ficier √† pl‚Ä¶ https://t.co/q5SJTLDhnI
2018-03-18 15:51:48,"Regrann from @clarapablo  -  ‚Ä¢√âchame la culpa bien Des-pa-cito‚Ä¢ ‚Ä¢
#querespeten #mexico #cancun‚Ä¶ https://t.co/ootVokNCdM"
2018-03-18 15:42:15,Billets pour le #yucatan r√©serv√©s .... ce sera donc un nouvel an au soleil en t√™te √† t√™te avec mini moi ....‚Ä¶ https://t.co/JUg2NsCc9b
2018-03-18 15:32:04,"Regrann from @clarapablo  -  ‚Ä¢√âchame la culpa bien Des-pa-cito‚Ä¢ ‚Ä¢
#querespeten #mexico #cancun‚Ä¶ https://t.co/JRD0Dko69H"
2018-03-18 13:23:29,https://t.co/eua0aP5IMs.QUILES. and Nutella Waffles. #mexico #city #vacay #vacation #foodporn #instagood @ Fr√´ims https://t.co/64bUAoqFcY
2018-03-18 13:19:58,#France #brasil 1986 #mexico #Platini #Fernandez #Drucker la belle √©poque https://t.co/cnpKTlIAEc
2018-03-18 12:18:06,"Beautiful 
Top üëôRayos de sol 
https://t.co/jQgLNl908T
#bikini #bikinis #swimsuit #swimwear #mixnmatch #mexico‚Ä¶ https://t.co/qrpsfJLyfZ"
2018-03-18 10:48:24,"vitrine de M√©nilmontant qui te fout un coup de blues : RENDEZ-MOI MEXICO! 
#paris #mexico #shop‚Ä¶ https://t.co/tq4nudMaDM"
2018-03-18 09:57:19,"#SmartCity #SmartCitizen #Medellin #Mexico

Comment exploiter les nouveaux usages de partage de l'espace public... https://t.co/cZzqGe7itn"
2018-03-18 07:30:12,"#Football #Result from #Mexico #PrimeraDivision
https://t.co/N0DIif8tZM
2018-3-18 02:00CET
Monterey 3-1 G.B. Quer√©taro"
2018-03-18 05:23:02,"RT @MaJSylvie: @INORAN_OFFICIAL Invit√© √† la premi√®re de ""Remember Me"",  INORAN a rencontr√© l'ambassadeur du Mexique au Japon M. Carlos Fern‚Ä¶"
2018-03-18 04:49:53,"RT @DerechaTuitera: Voten bien! 

#Venezuela #Colombia #M√©xico https://t.co/UnGLYyUjyB"
2018-03-18 02:49:33,#Mexico Surf en la Riviera Nayarit https://t.co/YLfaaO7Llj https://t.co/MYOnD2bOk2
2018-03-18 01:55:04,My last night in #Cancun #Mexico with my rents. A salade Ni√ßoise √† la Nance. #vacay #famjammin‚Ä¶ https://t.co/wOLAIAkw9f
2018-03-17 21:06:14,RT @Lazociation: AUJOURD'HUI 17 MARS Concert de Karla Lazo et Ricardo Alatorre organis√© par Lazo'ciation √† l'@IdemexParis en partenariat av‚Ä¶
2018-03-17 19:53:11,#mexico Surf en la Riviera Nayarit https://t.co/SIynIX2wb5 https://t.co/qjZaheYvfu
2018-03-17 19:32:18,#Mexico : ‚ÄúD√©noncer la corruption est un vrai chemin de croix‚Äú https://t.co/rpzWugkWvA
2018-03-17 19:03:02,Bella en #denim #trends #mexicoüá≤üáΩ #mexicanmodel #love‚ù§Ô∏è‚ù§Ô∏è https://t.co/VhH1YPpVRu
2018-03-17 18:40:00,Cheesse Cake de Chayote ü§§‚ù§Ô∏è #TabascoEsTierraCriolla #Restaurante #Gourmet #foodie #VenAComer #Food #Tabasco‚Ä¶ https://t.co/N7SpMn7bFx
2018-03-17 18:17:48,RT @Lazociation: AUJOURD'HUI 17 MARS Concert de Karla Lazo et Ricardo Alatorre organis√© par Lazo'ciation √† l'@IdemexParis en partenariat av‚Ä¶
2018-03-17 18:03:33,RT @AEDenFrance: Ce soir RDV √† @notredameparis pour la 10e √©dition de la #NuitDesT√©moins pour rendre hommage √† tous les martyrs de notre te‚Ä¶
2018-03-17 17:45:41,RT @cointokennews: #Mexico passes bill #regulating #cryptocurrencies.
2018-03-17 17:40:00,#Catalogne : Gr√¢ce √† @emirates #Airlines #Barcelone et #Mexico b√©n√©ficieront d'un vol quotidien‚Ä¶ https://t.co/ID0DPlvMzy
2018-03-17 17:30:00,"@LauraBraga_rt la beaut√© le talent une artiste qui voyage pour aller √† la rencontre de ses fans 
#Mexico https://t.co/rXOk9yZsuO"
2018-03-17 17:25:21,RT @JamieDowswell: #Mexico inaugurates USD-43m #solar plant in Coahuila https://t.co/ubndg76JDy https://t.co/PX9WkFHuUJ
2018-03-17 16:55:13,"Champions! #proformamdc #mexico @ Fairmont Mayakoba, Riviera Maya https://t.co/j9H5XNpTQZ"
2018-03-17 14:58:50,RT @claroscuronoti: Se Va Matt Damon de EU por Donald Trump #M√©xico #CDMX #EU @POTUS @RealDonaldTrump  @mattdamon_ #Guanajuato https://t.co‚Ä¶
2018-03-17 13:47:46,Se Va Matt Damon de EU por Donald Trump #M√©xico #CDMX #EU @POTUS @RealDonaldTrump  @mattdamon_ #Guanajuato‚Ä¶ https://t.co/Hohty5H9Jz
2018-03-17 11:23:45,RT @AEDenFrance: Ce soir RDV √† @notredameparis pour la 10e √©dition de la #NuitDesT√©moins pour rendre hommage √† tous les martyrs de notre te‚Ä¶
2018-03-17 10:46:19,RT @AEDenFrance: Ce soir RDV √† @notredameparis pour la 10e √©dition de la #NuitDesT√©moins pour rendre hommage √† tous les martyrs de notre te‚Ä¶
2018-03-17 09:35:31,RT @Lazociation: AUJOURD'HUI 17 MARS Concert de Karla Lazo et Ricardo Alatorre organis√© par Lazo'ciation √† l'@IdemexParis en partenariat av‚Ä¶
2018-03-17 08:47:53,AUJOURD'HUI 17 MARS Concert de Karla Lazo et Ricardo Alatorre organis√© par Lazo'ciation √† l'@IdemexParis en partena‚Ä¶ https://t.co/YYZ1DhoCZS
2018-03-17 07:12:43,"Noise.

#animals #streetphotography #sonyalpha #mexico https://t.co/DGXfoliUwS https://t.co/I5WsY63K4s"
2018-03-17 06:00:32,"URGENT : Bonjour @AirFranceFR , vol #AF178 (#paris #mexico) retard√© ce matin de 4h sans motif.  Arriv√©e pr√©vue √† 21‚Ä¶ https://t.co/6Gw4rNrDvP"
2018-03-17 05:09:18,Playa Chahu√© #Huatulco #Bah√≠as #Oaxaca #mexicotravel  #M√©xico #travel  #tour #playa #visitmexico‚Ä¶ https://t.co/1SxwB2OMhb
2018-03-17 03:07:09,Vacation üôåüèª #vacation #nowork #sunshine #cocktails #tanlines #timetoplay #beach #mexico: Vacation üôåüèª #vacation‚Ä¶ https://t.co/jo4PJRAunN
2018-03-17 02:39:02,"RT @ricoromanxxx: Ya saben Follow y Retweet üçÜüçë
#Gay #Verga #Pene #Porn #Cdmx #Mexico #Booty #Ass #Legs #Xxx https://t.co/zS8xH2Yrmm"
2018-03-17 01:39:36,"Monterrey! üôÇ

#artist #paisaje #monterrey #mexico #tour #top #tourist #dj #mexico #mexican‚Ä¶ https://t.co/S7e9MlLlnp"
2018-03-17 00:50:03,Michael Jackson - Dangerous #AtoZ #lp #vinyl #music #record #Mexico #turntables #audiotechnica‚Ä¶ https://t.co/Nmr6ESaJtu
2018-03-17 00:17:17,RT @AEDenFrance: Ce soir RDV √† @notredameparis pour la 10e √©dition de la #NuitDesT√©moins pour rendre hommage √† tous les martyrs de notre te‚Ä¶
2018-03-16 23:59:20,Calles de MID #streetphotography #streetphoto #M√©rida #Yucat√°n #M√©xico #picoftheday #barrio #downtown #centro‚Ä¶ https://t.co/tQEmFpw4ZJ
2018-03-16 22:53:59,RT @AEDenFrance: Ce soir RDV √† @notredameparis pour la 10e √©dition de la #NuitDesT√©moins pour rendre hommage √† tous les martyrs de notre te‚Ä¶
2018-03-16 21:48:50,#Morocco...#Mexico...c'est kif kif lo mismo üôÑ #immigration https://t.co/RVxXbzTSsa
2018-03-16 21:37:49,#mexico Surf en la Riviera Nayarit https://t.co/nPVtH8cZWu https://t.co/6scllfd7fV
2018-03-16 21:22:32,Soir√© de Tabenacos y Poutine &lt;3 #friendsandcoworkers #Mexico #Canada‚Ä¶ https://t.co/9REiRnpkhh
2018-03-16 21:22:25,RT @AEDenFrance: Ce soir RDV √† @notredameparis pour la 10e √©dition de la #NuitDesT√©moins pour rendre hommage √† tous les martyrs de notre te‚Ä¶
2018-03-16 20:51:28,"Matute Remus. Mon Pont pr√©f√©r√© dans le monde entier. üåâ.
.
.
.
#sunset #mexico #structures #latergram‚Ä¶ https://t.co/JTUPiBKi2L"
2018-03-16 20:31:45,‚úà Offre du jour : Voyage #Pointe A Pitre &gt; #MEXICO CITY A/R d√®s 415‚Ç¨ ‚ûî‚ûî‚ûîhttps://t.co/MgTeFreIqL
2018-03-16 20:10:52,RT @AEDenFrance: Ce soir RDV √† @notredameparis pour la 10e √©dition de la #NuitDesT√©moins pour rendre hommage √† tous les martyrs de notre te‚Ä¶
2018-03-16 19:50:07,RT @AEDenFrance: Ce soir RDV √† @notredameparis pour la 10e √©dition de la #NuitDesT√©moins pour rendre hommage √† tous les martyrs de notre te‚Ä¶
2018-03-16 19:19:16,"Le mole oaxaque√±o,, sauce traditionnelle √† base de piments, de #chocolat, et d‚Äô√©pices, date de l'√©poque pr√©-colombi‚Ä¶ https://t.co/nSyBFkhIvy"
2018-03-16 18:43:09,RT @AEDenFrance: Ce soir RDV √† @notredameparis pour la 10e √©dition de la #NuitDesT√©moins pour rendre hommage √† tous les martyrs de notre te‚Ä¶
2018-03-16 18:26:38,RT @AEDenFrance: Ce soir RDV √† @notredameparis pour la 10e √©dition de la #NuitDesT√©moins pour rendre hommage √† tous les martyrs de notre te‚Ä¶
2018-03-16 18:23:54,"RT @SdVmarchesmonde: Reportage @France2tv sur le cactus dans nos assiettes, en fin du journal de 20h.
https://t.co/sE2uJA2yhk
SDV vous prop‚Ä¶"
2018-03-16 18:21:26,"Popotillo crosses

#backfromtomboctou #artisan #folkart #cross #mexico #traditionalart‚Ä¶ https://t.co/9jUbrYEUGD"
2018-03-16 18:15:00,#Barcelone bient√¥t reli√©e √† #Mexico par @emirates Airlines ! Explications https://t.co/JUokebOYEh @EmiratesSupport‚Ä¶ https://t.co/TnzIFfio73
2018-03-16 18:14:19,"@LFrequencies Felix marie moi et j'apporterai des tacos apr√®s chaque show... üò¨üò¨üò¨ je suis sympa aussi
#reviensvite #mexico"
2018-03-16 17:53:29,RT @AEDenFrance: Ce soir RDV √† @notredameparis pour la 10e √©dition de la #NuitDesT√©moins pour rendre hommage √† tous les martyrs de notre te‚Ä¶
2018-03-16 17:48:44,RT @AEDenFrance: Ce soir RDV √† @notredameparis pour la 10e √©dition de la #NuitDesT√©moins pour rendre hommage √† tous les martyrs de notre te‚Ä¶
2018-03-16 17:32:56,RT @AEDenFrance: Ce soir RDV √† @notredameparis pour la 10e √©dition de la #NuitDesT√©moins pour rendre hommage √† tous les martyrs de notre te‚Ä¶
2018-03-16 17:24:17,RT @AEDenFrance: Ce soir RDV √† @notredameparis pour la 10e √©dition de la #NuitDesT√©moins pour rendre hommage √† tous les martyrs de notre te‚Ä¶
2018-03-16 17:23:56,RT @SophieNouaille: Joie de vous retrouver ce soir √† 20h en direct de @notredameparis pour commenter la #Nuitdestemoins avec @AEDenFrance‚Ä¶
2018-03-16 17:15:18,"Sureste de #M√©xico.
#PostalesdeCampo https://t.co/yVaQZyBzWx"
2018-03-16 17:13:35,RT @AEDenFrance: Ce soir RDV √† @notredameparis pour la 10e √©dition de la #NuitDesT√©moins pour rendre hommage √† tous les martyrs de notre te‚Ä¶
2018-03-16 16:10:59,Souvenirs #Shadow #Lights #Structure #Building #Balcony #Corner #Old #Sky #Lonely #M√©xico‚Ä¶ https://t.co/yhtlgDYOuK
2018-03-16 15:41:20,RT @JamieDowswell: #Mexico inaugurates USD-43m #solar plant in Coahuila https://t.co/ubndg76JDy https://t.co/PX9WkFHuUJ
2018-03-16 14:51:04,RT @AEDenFrance: Ce soir RDV √† @notredameparis pour la 10e √©dition de la #NuitDesT√©moins pour rendre hommage √† tous les martyrs de notre te‚Ä¶
2018-03-16 14:42:57,RT @AEDenFrance: Ce soir RDV √† @notredameparis pour la 10e √©dition de la #NuitDesT√©moins pour rendre hommage √† tous les martyrs de notre te‚Ä¶
2018-03-16 14:33:02,#Mexico inaugurates USD-43m #solar plant in Coahuila https://t.co/ubndg76JDy https://t.co/PX9WkFHuUJ
2018-03-16 14:14:38,RT @AEDenFrance: Ce soir RDV √† @notredameparis pour la 10e √©dition de la #NuitDesT√©moins pour rendre hommage √† tous les martyrs de notre te‚Ä¶
2018-03-16 13:56:43,RT @SophieNouaille: Joie de vous retrouver ce soir √† 20h en direct de @notredameparis pour commenter la #Nuitdestemoins avec @AEDenFrance‚Ä¶
2018-03-16 13:35:41,Joie de vous retrouver ce soir √† 20h en direct de @notredameparis pour commenter la #Nuitdestemoins avec‚Ä¶ https://t.co/JNIiDZVmcU
2018-03-16 12:56:46,RT @AEDenFrance: Ce soir RDV √† @notredameparis pour la 10e √©dition de la #NuitDesT√©moins pour rendre hommage √† tous les martyrs de notre te‚Ä¶
2018-03-16 12:54:42,RT @AEDenFrance: Ce soir RDV √† @notredameparis pour la 10e √©dition de la #NuitDesT√©moins pour rendre hommage √† tous les martyrs de notre te‚Ä¶
2018-03-16 12:51:46,RT @AEDenFrance: Ce soir RDV √† @notredameparis pour la 10e √©dition de la #NuitDesT√©moins pour rendre hommage √† tous les martyrs de notre te‚Ä¶
2018-03-16 12:49:25,RT @AEDenFrance: Ce soir RDV √† @notredameparis pour la 10e √©dition de la #NuitDesT√©moins pour rendre hommage √† tous les martyrs de notre te‚Ä¶
2018-03-16 12:03:52,"RT @fredquintin82: J-2 pour la conf√©rence, pr√©sent√©e par ""La Casa Oaxaque√±a"", sur l'√©ducation au Mexique et le combat d'Eli √† Eloxochitlan‚Ä¶"
2018-03-16 11:54:32,"RT @ricoromanxxx: Ya saben Follow y Retweet üçÜüçë
#Gay #Verga #Pene #Porn #Cdmx #Mexico #Booty #Ass #Legs #Xxx https://t.co/zS8xH2Yrmm"
2018-03-16 11:51:03,RT @AEDenFrance: Ce soir RDV √† @notredameparis pour la 10e √©dition de la #NuitDesT√©moins pour rendre hommage √† tous les martyrs de notre te‚Ä¶
2018-03-16 11:48:29,RT @AEDenFrance: Ce soir RDV √† @notredameparis pour la 10e √©dition de la #NuitDesT√©moins pour rendre hommage √† tous les martyrs de notre te‚Ä¶
2018-03-16 11:09:04,"@EmmanuelMacron Ce sont mes livres, M. President üòéüòéüòéhttps://t.co/5GBx10H7Ob  #Mexique #Amour #Mexico #love https://t.co/39xOV6Tkex"
2018-03-16 11:08:49,RT @AEDenFrance: Ce soir RDV √† @notredameparis pour la 10e √©dition de la #NuitDesT√©moins pour rendre hommage √† tous les martyrs de notre te‚Ä¶
2018-03-16 11:06:16,RT @AEDenFrance: Ce soir RDV √† @notredameparis pour la 10e √©dition de la #NuitDesT√©moins pour rendre hommage √† tous les martyrs de notre te‚Ä¶
2018-03-16 10:59:35,RT @AEDenFrance: Ce soir RDV √† @notredameparis pour la 10e √©dition de la #NuitDesT√©moins pour rendre hommage √† tous les martyrs de notre te‚Ä¶
2018-03-16 10:57:29,RT @AEDenFrance: Ce soir RDV √† @notredameparis pour la 10e √©dition de la #NuitDesT√©moins pour rendre hommage √† tous les martyrs de notre te‚Ä¶
2018-03-16 10:25:17,RT @AEDenFrance: Ce soir RDV √† @notredameparis pour la 10e √©dition de la #NuitDesT√©moins pour rendre hommage √† tous les martyrs de notre te‚Ä¶
2018-03-16 10:02:24,#Mexico Surf en la Riviera Nayarit https://t.co/I1z2wAjXze https://t.co/E1esOLNs1Q
2018-03-16 10:01:12,RT @samtrabels: Elle veux plus que j'traine avec mes pote j'lui dis weweee üòéüòé #Mexico https://t.co/1MqAphiue4
2018-03-16 09:27:09,RT @AEDenFrance: Ce soir RDV √† @notredameparis pour la 10e √©dition de la #NuitDesT√©moins pour rendre hommage √† tous les martyrs de notre te‚Ä¶
2018-03-16 09:18:15,RT @AEDenFrance: Ce soir RDV √† @notredameparis pour la 10e √©dition de la #NuitDesT√©moins pour rendre hommage √† tous les martyrs de notre te‚Ä¶
2018-03-16 09:11:05,RT @AEDenFrance: Ce soir RDV √† @notredameparis pour la 10e √©dition de la #NuitDesT√©moins pour rendre hommage √† tous les martyrs de notre te‚Ä¶
2018-03-16 09:10:23,Ce soir RDV √† @notredameparis pour la 10e √©dition de la #NuitDesT√©moins pour rendre hommage √† tous les martyrs de n‚Ä¶ https://t.co/76sMBUz1mQ
2018-03-16 08:24:51,"J-2 pour la conf√©rence, pr√©sent√©e par ""La Casa Oaxaque√±a"", sur l'√©ducation au Mexique et le combat d'Eli √† Eloxochi‚Ä¶ https://t.co/XSFo8jEfhV"
2018-03-16 06:19:44,"RT @kevinorlandorc: MTY &amp; AGUASCACHONDAS COLLECTIVE

prieto gvng #Mexico

https://t.co/u1DqBAK7uC"
2018-03-16 06:18:41,"MTY &amp; AGUASCACHONDAS COLLECTIVE

prieto gvng #Mexico

https://t.co/u1DqBAK7uC"
2018-03-16 05:26:50,Makeup is my art // El Maquillaje es mi arte #makeup #makeupartist #lipstick #queretaro #mexico‚Ä¶ https://t.co/4HyF3PGPij
2018-03-16 04:06:27,"RT @JosePanenka: Alors c'est peut-√™tre ""que"" le Mexique, mais c'est pas pour √ßa que c'est plus facile de mettre des buts de 30m dans la lul‚Ä¶"
2018-03-16 03:42:59,Il y a vraiment un Dieu sur cette Terre rien √† dire #handsome #paysage #mountains #mexico #trip #friendstrip #love‚Ä¶ https://t.co/kyMqJ00d2D
2018-03-16 03:31:28,"#thursday #gym #gymtime #mexicanboy #legday #press #monterrey #nuevole√≥n #mexico en Monterrey,‚Ä¶ https://t.co/bMYhyBC58j"
2018-03-16 02:58:00,"#LACCI2018, 5th IEEE Latin American Conference on Computational Intelligence, del 7 al 9 de noviembre en‚Ä¶ https://t.co/jEARQStazP"
2018-03-16 02:30:08,#M√©xico ¬°Con https://t.co/7vp3GDKfBa es posible! https://t.co/cxS5DssAP6
2018-03-16 02:10:46,"RT @TournoiToulon: [üî¥OFFICIELüî¥]  : @miseleccionmx confirme sa pr√©sence pour le @TournoiToulon 2018 üá≤üáΩ

‚ñ∂Ô∏èhttps://t.co/lgDq947BIv #Mexico ht‚Ä¶"
2018-03-15 23:45:08,RT @RI_ESPE_LNF: üá≤üáΩ üá´üá∑#Puebla Premier colloque international sur la formation des enseignants-formateurs #SEP #DGESPE #ReseauEspe  Particip‚Ä¶
2018-03-15 23:35:10,"Let's dance! ü§ôüèªü•Éüå¥üé∂

#PuraVida #GoodVibes #GoodCrazyInThaHouse #IslaMujeres #M√©xico‚Ä¶ https://t.co/pr8JEYzSPr"
2018-03-15 23:23:21,#mexico Surf en la Riviera Nayarit https://t.co/SIynIX2wb5 https://t.co/qLJVrNepjH
2018-03-15 17:51:19,#Mexico Surf en la Riviera Nayarit https://t.co/I1z2wAjXze https://t.co/Zka2yJEvar
2018-03-15 17:43:34,"5 joueurs du FC Porto (ou pr√™t√©s) appel√©s avec le Mexique üá≤üáΩ 

Herrera
Reyes
Corona
Layun
Govea

#Mexico #fcporto"
2018-03-15 17:12:51,"RT @PhReynier: 15 mars 1916 : un d√©tachement am√©ricain de 16 000 hommes, command√© par le g√©n√©ral John Pershing, est envoy√© au Mexique pour‚Ä¶"
2018-03-15 16:57:39,"RT @PhReynier: 15 mars 1916 : un d√©tachement am√©ricain de 16 000 hommes, command√© par le g√©n√©ral John Pershing, est envoy√© au Mexique pour‚Ä¶"
2018-03-15 16:55:56,"RT @PhReynier: 15 mars 1916 : un d√©tachement am√©ricain de 16 000 hommes, command√© par le g√©n√©ral John Pershing, est envoy√© au Mexique pour‚Ä¶"
2018-03-15 16:53:53,"15 mars 1916 : un d√©tachement am√©ricain de 16 000 hommes, command√© par le g√©n√©ral John Pershing, est envoy√© au Mexi‚Ä¶ https://t.co/OMDuB99hHh"
2018-03-15 16:29:57,"RT @U_INRS: Premier num√©ro de l'infolettre du Partenariat #TRYSPACES (TRansformative Youth SPACES), un projet de recherche international en‚Ä¶"
2018-03-15 15:10:40,"@M_C_B J‚Äôai d√©j√† pas mal vadrouill√©, j‚Äôai pas trop √† me plaindre #Missing #Tokyo #Mexico #NY..."
2018-03-15 14:15:01,"Les lev√©es de soleil sont vraiment √©norme ici ü§©üíñüëçüá≤üáΩ
#nofilter #mexico #ferry #cozumel #lovers‚Ä¶ https://t.co/3UJVa2rVXR"
2018-03-15 12:45:05,"Petite photo qui nous vient du Mexique : entre deux danses de la pluie, boisson de cacao et sacrifice humain‚Ä¶ Merci‚Ä¶ https://t.co/4CgZ2EqU4M"
2018-03-15 10:30:50,RT @Bridor_FR: [#Mexico] We are once again associated with Rougi√© during a presentation to highlight two central and complementary ingredie‚Ä¶
2018-03-15 09:17:46,[#Mexico] We are once again associated with Rougi√© during a presentation to highlight two central and complementary‚Ä¶ https://t.co/bJRjKPMLzj
2018-03-15 04:21:45,Palenque ruins in Chiapas. #mexico #mexicoigers #mexicovacation2018 #palenque #palenqueruins‚Ä¶ https://t.co/brcKhMBI9G
2018-03-15 02:30:42,"RT @Earthworks: Communities protesting @chemours cyanide production plant in Durango, #Mexico face violent police repression, according to‚Ä¶"
2018-03-15 00:08:12,"RT @Earthworks: Communities protesting @chemours cyanide production plant in Durango, #Mexico face violent police repression, according to‚Ä¶"
2018-03-14 23:59:57,"RT @Earthworks: Communities protesting @chemours cyanide production plant in Durango, #Mexico face violent police repression, according to‚Ä¶"
2018-03-14 23:50:05,"Communities protesting @chemours cyanide production plant in Durango, #Mexico face violent police repression, accor‚Ä¶ https://t.co/amxZWAtSwo"
2018-03-14 22:48:09,Time to work. üí•üçºBon App√©tit üçºüí• #cuteanimals #animalpics #babypuma #animalorphanage #Mexico‚Ä¶ https://t.co/vQl9e3SHNN
2018-03-14 22:41:48,@emirates va bient√¥t relier #barcelone √† #Mexico en continuation de sa route depuis Duba√Ø ! #avgeek https://t.co/kXdNExOT1O
2018-03-14 22:36:56,Depeche Mode üéπ 13.03.18 #DM #depechemode #depechemodefans #globalspirittour #mexico #cdmx‚Ä¶ https://t.co/ZmgwGqaf0i
2018-03-14 21:41:01,"RT @Historia_Xalapa: Calle #AdalbertoTejeda, entre calles #M√©xico y #Xalapa, de la #ColoniaPumar, 1957: https://t.co/XG6YJ8y9H2 https://t.c‚Ä¶"
2018-03-14 20:44:47,"RT @SdVmarchesmonde: Reportage @France2tv sur le cactus dans nos assiettes, en fin du journal de 20h.
https://t.co/sE2uJA2yhk
SDV vous prop‚Ä¶"
2018-03-14 20:42:25,Bon Appetite @laishawilkins #M√©xico
2018-03-14 19:20:11,#Mexico accueille des #professionnels et #th√©oriciens de diff√©rentes disciplines autour de l‚Äô#architecture et du fa‚Ä¶ https://t.co/ldvCzYGOFa
2018-03-14 18:23:17,"PT Cruiser
#2008 #PT #Cruiser #red #car #desert #Chrysler #cabriolet #convertible #Mina #NuevoLeon #Mexico #Nikon‚Ä¶ https://t.co/393znzTLFN"
2018-03-14 17:46:49,"RT @justplanes: ‚úàÔ∏è TUI 787 arriving at Cancun
‚ûñ‚ûñ‚ûñ‚ûñ‚ûñ‚ûñ‚ûñ‚ûñ‚ûñ‚ûñ‚ûñ
‚úÖ #1 AVIATION CHANNEL‚úàÔ∏è‚ÜôÔ∏è‚ÜôÔ∏è
üé• https://t.co/ZrBH01XWW6

#avgeek @TUIflyBelgium #Ca‚Ä¶"
2018-03-14 15:25:21,"@France24_fr
 #Afrique #Mexico 
‚ö† Californie: @realDonaldTrump inspecte les huit prototypes du mur g√©ant √† la front‚Ä¶ https://t.co/tvTqLxSzA6"
2018-03-14 15:10:17,"RT @SdVmarchesmonde: Reportage @France2tv sur le cactus dans nos assiettes, en fin du journal de 20h.
https://t.co/sE2uJA2yhk
SDV vous prop‚Ä¶"
2018-03-14 14:53:58,"Hanging lamps. #Mexico #M√©rida #restaurant #lamps #lights #hanging #streetphotography @ M√©rida,‚Ä¶ https://t.co/jEL7S7Cnq7"
2018-03-14 14:52:38,"Reportage @France2tv sur le cactus dans nos assiettes, en fin du journal de 20h.
https://t.co/sE2uJA2yhk
SDV vous p‚Ä¶ https://t.co/LJLPHRog1L"
2018-03-14 14:39:46,RT @RI_ESPE_LNF: üá≤üáΩ üá´üá∑#Puebla Premier colloque international sur la formation des enseignants-formateurs #SEP #DGESPE #ReseauEspe  Particip‚Ä¶
2018-03-14 14:34:05,"Francisco, Eulalio y Miguel #monedasconmemorativas #numismatica #numismatics #M√©xico https://t.co/jbOIHYUTUU"
2018-03-14 14:28:15,RT @RI_ESPE_LNF: üá≤üáΩ üá´üá∑#Puebla Premier colloque international sur la formation des enseignants-formateurs #SEP #DGESPE #ReseauEspe  Particip‚Ä¶
2018-03-14 13:58:28,"RT @laurastriano: M√™me √† l'autre bout du monde, je vous ai regard√© les Gar√ßons ! ‚ù§Ô∏èüíôüí™ #PSGOM #Mexico #Akumal https://t.co/XqUU6O1imC"
2018-03-14 13:02:40,Depeche Mode. #DepecheModeEnMexico #DepecheMode #mexico #cdmx #mexicocity #forosol #bailazo‚Ä¶ https://t.co/0rQARSu07x
2018-03-14 11:22:54,#mexico Surf en la Riviera Nayarit https://t.co/Naji85jMBO https://t.co/cUFHMN0koU
2018-03-14 10:17:00,RT @apnnewsindia: #AkhilSheoran clinches #gold medal in men's 50 metre rifle 3 position at #ISSFWorldCup in #Mexico¬†.  @ISSF_Shooting https‚Ä¶
2018-03-14 09:16:12,RT @RI_ESPE_LNF: üá≤üáΩ üá´üá∑#Puebla Premier colloque international sur la formation des enseignants-formateurs #SEP #DGESPE #ReseauEspe  Particip‚Ä¶
2018-03-14 08:30:37,"Petit pause sur les plages mexicaines üå¥#Mexico #travel #trip

https://t.co/Vw6JsOuOzo https://t.co/L937AlXkJX"
2018-03-14 08:22:09,[ARTICLE] Le #Mexique peut-il sortir de sa d√©pendance √©conomique vis-√†-vis des #EtatsUnis via @franceculture ‚ñ∂Ô∏è‚Ä¶ https://t.co/dImInAnEcF
2018-03-14 06:14:45,RT @RI_ESPE_LNF: üá≤üáΩ üá´üá∑#Puebla Premier colloque international sur la formation des enseignants-formateurs #SEP #DGESPE #ReseauEspe  Particip‚Ä¶
2018-03-14 06:13:20,Depeche Mode üôèüèªüëèüèª #dm #cdmx  #depechemode #mexico https://t.co/toxxdPUYA9
2018-03-14 05:57:53,RT @dasexiebeast: Cassandra y la Cachetes. #mexico https://t.co/0MPyjjiJFk
2018-03-14 05:11:51,üá≤üáΩ üá´üá∑#Puebla Premier colloque international sur la formation des enseignants-formateurs #SEP #DGESPE #ReseauEspe  P‚Ä¶ https://t.co/KqDCmR6BbU
2018-03-14 02:22:22,"RT @sdetails: Aujourd'hui, D√©tails d' #architecture va √† #Mexico √† la d√©couverte de bandes d‚Äô #aluminium incurv√©es qui habillent une fa√ßade‚Ä¶"
2018-03-14 02:12:24,"RT @sdetails: Aujourd'hui, D√©tails d' #architecture va √† #Mexico √† la d√©couverte de bandes d‚Äô #aluminium incurv√©es qui habillent une fa√ßade‚Ä¶"
2018-03-14 01:05:05,Reportan brotes de gripe aviar H7N3 en #M√©xico ‚ñ∫ https://t.co/VqCPPkiMSy https://t.co/35qAghBuI5
2018-03-13 23:38:35,"RT @AEDenFrance: Communiqu√©: Pour la 10¬∞ ann√©e cons√©cutive, l‚ÄôAED organise du 12 au 19 mars, La #nuitdestemoins, une soir√©e d√©di√©e √† ceux q‚Ä¶"
2018-03-13 23:35:08,"RT @AEDenFrance: Communiqu√©: Pour la 10¬∞ ann√©e cons√©cutive, l‚ÄôAED organise du 12 au 19 mars, La #nuitdestemoins, une soir√©e d√©di√©e √† ceux q‚Ä¶"
2018-03-13 23:33:58,"RT @AEDenFrance: Communiqu√©: Pour la 10¬∞ ann√©e cons√©cutive, l‚ÄôAED organise du 12 au 19 mars, La #nuitdestemoins, une soir√©e d√©di√©e √† ceux q‚Ä¶"
2018-03-13 23:33:36,"RT @AEDenFrance: Communiqu√©: Pour la 10¬∞ ann√©e cons√©cutive, l‚ÄôAED organise du 12 au 19 mars, La #nuitdestemoins, une soir√©e d√©di√©e √† ceux q‚Ä¶"
2018-03-13 23:32:15,"RT @AEDenFrance: Communiqu√©: Pour la 10¬∞ ann√©e cons√©cutive, l‚ÄôAED organise du 12 au 19 mars, La #nuitdestemoins, une soir√©e d√©di√©e √† ceux q‚Ä¶"
2018-03-13 23:02:46,"RT @lecharre: #LeCharr√©: International Clarinet Competition 2018
Cierre: 31 Diciembre 2017

https://t.co/9FpBE9U9XX

#M√©xico #Convocatorias‚Ä¶"
2018-03-13 21:47:30,"RT @Historia_Xalapa: Calle #AdalbertoTejeda, entre calles #M√©xico y #Xalapa, de la #ColoniaPumar, 1957: https://t.co/XG6YJ8y9H2 https://t.c‚Ä¶"
2018-03-13 20:37:15,RT @AutoMotoOffi: #FormuleE - #Mexico 2018 : premi√®re victoire de Daniel Abt et d‚Äô#AudiSport ! https://t.co/Cr52XHd7FL https://t.co/eFeMX2p‚Ä¶
2018-03-13 20:28:54,"#BolsadeTrabajo #Radiocare ‚Äì #GerenteComercial ‚Äì #Veracruz
ENVIAR CV: vfantini@radiocare.mx +52 (81) 2089-8282‚Ä¶ https://t.co/AK9KlR5kMC"
2018-03-13 20:04:45,Algo de Pole Dance! üßöüèª‚Äç‚ôÄÔ∏èüì∏ #nude #model #tulum #freethenipple #sunrise #beach #fit #pose #body #brunette #art‚Ä¶ https://t.co/Hva7Pqc6Qn
2018-03-13 19:59:11,"RT @Historia_Xalapa: Calle #AdalbertoTejeda, entre calles #M√©xico y #Xalapa, de la #ColoniaPumar, 1957: https://t.co/XG6YJ8y9H2 https://t.c‚Ä¶"
2018-03-13 19:45:56,RT @TomaDesprez: Histoire des √âtats-Unis et de l'Am√©rique du Nord en qq cartes https://t.co/EGyyHgt8Sb  #usa #history #Colonialism #france‚Ä¶
2018-03-13 19:34:49,RT @TomaDesprez: Histoire des √âtats-Unis et de l'Am√©rique du Nord en qq cartes https://t.co/EGyyHgt8Sb  #usa #history #Colonialism #france‚Ä¶
2018-03-13 18:23:00,P3 Quitter le froid qu√©b√©cois pour retrouver la mer #mexico #battlephoto https://t.co/q1dUGqVSJo
2018-03-13 17:06:08,RT @MayAzteque: A voir jusqu'au 31 mars √† @IdemexParis l'exposition de Nicolas de Cr√©cy sur #Mexico !  https://t.co/6DMAqfKBWQ https://t.co‚Ä¶
2018-03-13 16:33:00,A voir jusqu'au 31 mars √† @IdemexParis l'exposition de Nicolas de Cr√©cy sur #Mexico !  https://t.co/6DMAqfKBWQ https://t.co/cByKwEpH1Y
2018-03-13 15:56:03,#Opinion via @business Mark Mobius on #Brazil #Mexico and Trade Wars https://t.co/iqY7AOhybW
2018-03-13 15:04:11,"RT @CitiesMigration: Apr√®s 8 ans d'engagement avec les @ICCities interculturelles, le #Mexique int√®gre l'#interculturalisme dans son Plan n‚Ä¶"
2018-03-13 14:51:09,RT @DanosElena: On vient d‚Äôavoir une id√©e avec @thierryneuville ü§£ Rdv √† 18h30 (H Fran√ßaise) sur ma page FB ‚ö†Ô∏è #WRC #Mexico https://t.co/FeA‚Ä¶
2018-03-13 14:28:16,"RT @CitiesMigration: Apr√®s 8 ans d'engagement avec les @ICCities interculturelles, le #Mexique int√®gre l'#interculturalisme dans son Plan n‚Ä¶"
2018-03-13 14:17:34,"Apr√®s 8 ans d'engagement avec les @ICCities interculturelles, le #Mexique int√®gre l'#interculturalisme dans son Pla‚Ä¶ https://t.co/56LcungJrn"
2018-03-13 14:15:39,"Visite Chiapas, #Palenque https://t.co/3HPF8e9Lk7 #chiapas #mexico https://t.co/UPXWFbbaQz"
2018-03-13 13:16:48,"RT @AAF_Aviation: /// #H√©licopt√®res : apr√®s S√£o Paulo, Voom la filiale d'Airbus Helicopters ouvre son service de vols √† la demande √† #Mexic‚Ä¶"
2018-03-13 13:14:45,"RT @AAF_Aviation: /// #H√©licopt√®res : apr√®s S√£o Paulo, Voom la filiale d'Airbus Helicopters ouvre son service de vols √† la demande √† #Mexic‚Ä¶"
2018-03-13 12:27:08,"RT @AAF_Aviation: /// #H√©licopt√®res : apr√®s S√£o Paulo, Voom la filiale d'Airbus Helicopters ouvre son service de vols √† la demande √† #Mexic‚Ä¶"
2018-03-13 11:12:09,"RT @AAF_Aviation: /// #H√©licopt√®res : apr√®s S√£o Paulo, Voom la filiale d'Airbus Helicopters ouvre son service de vols √† la demande √† #Mexic‚Ä¶"
2018-03-13 10:58:59,"bonjour!!!
#verdun_guest #art #write #fuerzamexico #montreal #quebec #canada #verdun  #mexico #soymexicana... https://t.co/uFY6afXWKs"
2018-03-13 10:58:18,"bonjour!!!
#verdun_guest #art #write #fuerzamexico #montreal #quebec #canada #verdun  #mexico‚Ä¶ https://t.co/dv8eiY4m98"
2018-03-13 09:36:33,"D√©couvrez Moniwan, votre plateforme d‚Äô√©pargne 100% en ligne, accessible au 4 coins du monde ! De #Paris √† #Mexicoüåµ‚Ä¶ https://t.co/4baUd6PIgQ"
2018-03-13 07:21:05,"RT @sdetails: Aujourd'hui, D√©tails d' #architecture va √† #Mexico √† la d√©couverte de bandes d‚Äô #aluminium incurv√©es qui habillent une fa√ßade‚Ä¶"
2018-03-13 04:46:36,RT @GrinderElShow: Perfil 4 es Julls Granados @jullsgrand Photo: @GabrielRendon Makeup: @robyrobymakeup Hair: @tonnypalma #Show #TapTap #ga‚Ä¶
2018-03-13 04:30:56,D EN D #plazariodejaneiro #sociedaderrante  #wandersociety #mexico #calling https://t.co/VLWx0wJNQL
2018-03-13 03:14:50,"Hombre de bronce
.
.
.
#escultura #bellasartes #bronce #mexico #cdmx #travel #arquitectura‚Ä¶ https://t.co/svMSBwioKd"
2018-03-13 03:14:47,"jungle trip üå¥ü¶é
‚Ä¢
#xelha #mexico #cancun #rivieramaya #tulum #romwe #jungle #rainforest √† Xel-Ha https://t.co/xyTDPGeVRN"
2018-03-13 01:19:13,"RT @Historia_Xalapa: Calle #AdalbertoTejeda, entre calles #M√©xico y #Xalapa, de la #ColoniaPumar, 1957: https://t.co/XG6YJ8y9H2 https://t.c‚Ä¶"
2018-03-12 23:05:02,Buscan abrir boutique 'Jenni Rivera Fashion' en #M√©xico https://t.co/hg8uMde8DQ https://t.co/vaAQxBX4wM
2018-03-12 22:49:00,[TRANSPORT] #Airbus lance ses h√©licos-taxis √† #Mexico ‚û°Ô∏è https://t.co/cGEnX8vWgM via @Boursier_com    üöÅ
2018-03-12 22:34:48,Buscan abrir boutique 'Jenni Rivera Fashion' en #M√©xico https://t.co/Pq2HSakeC4 https://t.co/tO1Pw3VnQH
2018-03-12 22:16:04,RT @GrinderElShow: Perfil 4 es Julls Granados @jullsgrand Photo: @GabrielRendon Makeup: @robyrobymakeup Hair: @tonnypalma #Show #TapTap #ga‚Ä¶
2018-03-12 22:14:03,"RT @AAF_Aviation: /// #H√©licopt√®res : apr√®s S√£o Paulo, Voom la filiale d'Airbus Helicopters ouvre son service de vols √† la demande √† #Mexic‚Ä¶"
2018-03-12 20:00:34,RT @GrinderElShow: Perfil 4 es Julls Granados @jullsgrand Photo: @GabrielRendon Makeup: @robyrobymakeup Hair: @tonnypalma #Show #TapTap #ga‚Ä¶
2018-03-12 19:03:12,"A la d√©couverte d‚Äôun nouveau payyyyys‚òÄÔ∏èüá≤üáΩ
#vacaciones #Mexico‚Ä¶ https://t.co/XJ8m0PAtp6"
2018-03-12 18:53:18,"√Ä la d√©couverte d‚Äôun nouveau payyyyyys‚òÄÔ∏èüá≤üáΩ
#vacaciones #mexico‚Ä¶ https://t.co/aKv90PuUOF"
2018-03-12 17:40:03,"RT @AAF_Aviation: /// #H√©licopt√®res : apr√®s S√£o Paulo, Voom la filiale d'Airbus Helicopters ouvre son service de vols √† la demande √† #Mexic‚Ä¶"
2018-03-12 17:33:47,"/// #H√©licopt√®res : apr√®s S√£o Paulo, Voom la filiale d'Airbus Helicopters ouvre son service de vols √† la demande √†‚Ä¶ https://t.co/zB6UNxOsNh"
2018-03-12 17:15:53,"#BolsaDeTrabajo #Radiocare -  #M√©dicoRadi√≥logo #Zacatecas
ENVIAR CV: vfantini@radiocare.mx
+52 (81) 2089-8282‚Ä¶ https://t.co/YZD50tB7oF"
2018-03-12 16:01:55,@MikeyGarcia continues quest 2 conquer #BoxingNews #Boxing #Mexico #Boxeo @ShowtimeBoxing @PremierBoxing @Ringstar‚Ä¶ https://t.co/jG4A3gPKJK
2018-03-12 15:31:01,Merci @BethMcKennaMtl qui m‚Äôa amen√© faire un tour de l‚ÄôAm√©rique du Sud! Je suis vraiment g√¢t√©! Notre premier arr√™t:‚Ä¶ https://t.co/qIN41rPL2Z
2018-03-12 15:11:39,RT @GrinderElShow: Perfil 4 es Julls Granados @jullsgrand Photo: @GabrielRendon Makeup: @robyrobymakeup Hair: @tonnypalma #Show #TapTap #ga‚Ä¶
2018-03-12 15:02:41,Perfil 4 es Julls Granados @jullsgrand Photo: @GabrielRendon Makeup: @robyrobymakeup Hair: @tonnypalma #Show‚Ä¶ https://t.co/Y7GFATfcWY
2018-03-12 14:19:38,RT @airnewsalerts: #AkhilSheoran clinches #gold medal in men's 50 metre rifle 3 position at #ISSFWorldCup in #Mexico.  @ISSF_Shooting https‚Ä¶
2018-03-12 13:49:48,RT @DanosElena: On vient d‚Äôavoir une id√©e avec @thierryneuville ü§£ Rdv √† 18h30 (H Fran√ßaise) sur ma page FB ‚ö†Ô∏è #WRC #Mexico https://t.co/FeA‚Ä¶
2018-03-12 13:40:59,"RT @FrAffaires: #Mexico Mercredi 21 mars, nous serons au forum ¬´Le #fran√ßais, ta porte d'acc√®s √† l'#emploi¬ª pour promouvoir le fran√ßais com‚Ä¶"
2018-03-12 12:01:03,"#Mexico Mercredi 21 mars, nous serons au forum ¬´Le #fran√ßais, ta porte d'acc√®s √† l'#emploi¬ª pour promouvoir le fran‚Ä¶ https://t.co/7hWxcoTSwB"
2018-03-12 08:43:59,"Ce genre de rencontre que tu n‚Äôoublieras jamais üíñüá≤üáΩüòçüëç
#eagleray #love #mexico #cozumel #island‚Ä¶ https://t.co/rKvA4LsoZB"
2018-03-12 08:01:22,"D√©couvrez notre dernier MagInfos avec des #recettes, nouveaut√©s #restauration, #Snacking #cuisinemex #mexico‚Ä¶ https://t.co/LKpHIdckdN"
2018-03-12 07:20:43,"Depeche Mode. 
#EnjoyTheSilence #DepecheMode #Mexico #Cdmx #Concert #Music #OneLess #Love‚Ä¶ https://t.co/lEallYdwoj"
2018-03-12 07:12:35,RT @apnnewsindia: #AkhilSheoran clinches #gold medal in men's 50 metre rifle 3 position at #ISSFWorldCup in #Mexico¬†.  @ISSF_Shooting https‚Ä¶
2018-03-12 06:29:25,RT @apnnewsindia: #AkhilSheoran clinches #gold medal in men's 50 metre rifle 3 position at #ISSFWorldCup in #Mexico¬†.  @ISSF_Shooting https‚Ä¶
2018-03-12 06:28:02,Top Cancun tourist attractions #Yucatan #Mexico: Cenotes! https://t.co/nrqBF74hAS https://t.co/AOb21s6OGa
2018-03-12 06:22:49,"¬°Depeche Mode!
#dm #mexico #noche #music #dpeche https://t.co/tRExzosiTX"
2018-03-12 04:57:53,"#Mexico Surf en la Riviera Nayarit https://t.co/njS35lIrm5
https://t.co/Kyt4CyUEGa; @SecretMexico_"
2018-03-12 04:47:09,RT @TomaDesprez: Histoire des √âtats-Unis et de l'Am√©rique du Nord en qq cartes https://t.co/EGyyHgt8Sb  #usa #history #Colonialism #france‚Ä¶
2018-03-12 04:39:19,#mexico Surf en la Riviera Nayarit https://t.co/nKwSHEJEyE https://t.co/5iH4ENn11K
2018-03-12 02:07:54,"RT @ricoromanxxx: Ya saben Follow y Retweet üçÜüçë
#Gay #Verga #Pene #Porn #Cdmx #Mexico #Booty #Ass #Legs #Xxx https://t.co/zS8xH2Yrmm"
2018-03-12 00:35:06,"RT @Historia_Xalapa: Calle #AdalbertoTejeda, entre calles #M√©xico y #Xalapa, de la #ColoniaPumar, 1957: https://t.co/XG6YJ8y9H2 https://t.c‚Ä¶"
2018-03-12 00:07:47,"RT @Historia_Xalapa: Calle #AdalbertoTejeda, entre calles #M√©xico y #Xalapa, de la #ColoniaPumar, 1957: https://t.co/XG6YJ8y9H2 https://t.c‚Ä¶"
2018-03-12 00:07:00,Histoire des √âtats-Unis et de l'Am√©rique du Nord en qq cartes https://t.co/EGyyHgt8Sb  #usa #history #Colonialism‚Ä¶ https://t.co/IeE7uFyDPZ
2018-03-11 22:47:17,#Mexico Surf en la Riviera Nayarit https://t.co/I1z2wAjXze https://t.co/aMxvN4xl2L
2018-03-11 21:31:59,RT @DanosElena: On vient d‚Äôavoir une id√©e avec @thierryneuville ü§£ Rdv √† 18h30 (H Fran√ßaise) sur ma page FB ‚ö†Ô∏è #WRC #Mexico https://t.co/FeA‚Ä¶
2018-03-11 20:54:22,"#LoveAndDanceWordTour 
#Mexicoüá≤üáΩ 
@luisfonsi @dannylugo3107 @xPlatano @Gina_M_15 lovedancetour‚Ä¶ https://t.co/oKRmmg1OVh"
2018-03-11 20:46:32,"RT @liusben: https://t.co/Ih1mZognfq
#SalAVotarPENSANDO #La #ClasePol√≠tica de #M√©xico une #Fuerzas #Diversas #Meade #PRI #PAN #PRD #CSG #Je‚Ä¶"
2018-03-11 20:42:48,"RT @sdetails: Aujourd'hui, D√©tails d' #architecture va √† #Mexico √† la d√©couverte de bandes d‚Äô #aluminium incurv√©es qui habillent une fa√ßade‚Ä¶"
2018-03-11 20:38:18,"https://t.co/Ih1mZognfq
#SalAVotarPENSANDO #La #ClasePol√≠tica de #M√©xico une #Fuerzas #Diversas #Meade #PRI #PAN... https://t.co/FnobVUT0CT"
2018-03-11 20:38:09,"https://t.co/Ih1mZognfq
#SalAVotarPENSANDO #La #ClasePol√≠tica de #M√©xico une #Fuerzas #Diversas #Meade #PRI #PAN‚Ä¶ https://t.co/j1Mu6QwGrt"
2018-03-11 20:00:44,"Lagos de montebello chiapas

#chiapas #mexico #blue #lagoon #nature #forest https://t.co/x7vK7A2Nzh"
2018-03-11 19:28:06,Victoire de @SebOgier üá´üá∑ lors du Rallye du Mexique üá≤üáΩ WRC. @CitroenRacing üá´üá∑ termine sur le podium gr√¢ce Kris Meeke‚Ä¶ https://t.co/BoRCFStHca
2018-03-11 19:09:18,RT @DanosElena: On vient d‚Äôavoir une id√©e avec @thierryneuville ü§£ Rdv √† 18h30 (H Fran√ßaise) sur ma page FB ‚ö†Ô∏è #WRC #Mexico https://t.co/FeA‚Ä¶
2018-03-11 18:56:14,RT @DanosElena: On vient d‚Äôavoir une id√©e avec @thierryneuville ü§£ Rdv √† 18h30 (H Fran√ßaise) sur ma page FB ‚ö†Ô∏è #WRC #Mexico https://t.co/FeA‚Ä¶
2018-03-11 18:55:10,RT @DanosElena: On vient d‚Äôavoir une id√©e avec @thierryneuville ü§£ Rdv √† 18h30 (H Fran√ßaise) sur ma page FB ‚ö†Ô∏è #WRC #Mexico https://t.co/FeA‚Ä¶
2018-03-11 18:47:15,RT @DanosElena: On vient d‚Äôavoir une id√©e avec @thierryneuville ü§£ Rdv √† 18h30 (H Fran√ßaise) sur ma page FB ‚ö†Ô∏è #WRC #Mexico https://t.co/FeA‚Ä¶
2018-03-11 18:26:46,"RT @adriengoetz: Les myst√®res de #Mexico, de Popocatepetl et d‚ÄôIztaccihuatl : soir√©e en l‚Äôhonneur de #NicolasdeCr√©cy - dont j‚Äôaime beaucoup‚Ä¶"
2018-03-11 18:23:07,RT @DanosElena: On vient d‚Äôavoir une id√©e avec @thierryneuville ü§£ Rdv √† 18h30 (H Fran√ßaise) sur ma page FB ‚ö†Ô∏è #WRC #Mexico https://t.co/FeA‚Ä¶
2018-03-11 18:13:49,RT @DanosElena: On vient d‚Äôavoir une id√©e avec @thierryneuville ü§£ Rdv √† 18h30 (H Fran√ßaise) sur ma page FB ‚ö†Ô∏è #WRC #Mexico https://t.co/FeA‚Ä¶
2018-03-11 17:57:05,RT @DanosElena: On vient d‚Äôavoir une id√©e avec @thierryneuville ü§£ Rdv √† 18h30 (H Fran√ßaise) sur ma page FB ‚ö†Ô∏è #WRC #Mexico https://t.co/FeA‚Ä¶
2018-03-11 17:53:06,RT @DanosElena: On vient d‚Äôavoir une id√©e avec @thierryneuville ü§£ Rdv √† 18h30 (H Fran√ßaise) sur ma page FB ‚ö†Ô∏è #WRC #Mexico https://t.co/FeA‚Ä¶
2018-03-11 17:43:19,RT @DanosElena: On vient d‚Äôavoir une id√©e avec @thierryneuville ü§£ Rdv √† 18h30 (H Fran√ßaise) sur ma page FB ‚ö†Ô∏è #WRC #Mexico https://t.co/FeA‚Ä¶
2018-03-11 17:32:58,RT @DanosElena: On vient d‚Äôavoir une id√©e avec @thierryneuville ü§£ Rdv √† 18h30 (H Fran√ßaise) sur ma page FB ‚ö†Ô∏è #WRC #Mexico https://t.co/FeA‚Ä¶
2018-03-11 17:32:52,RT @DanosElena: On vient d‚Äôavoir une id√©e avec @thierryneuville ü§£ Rdv √† 18h30 (H Fran√ßaise) sur ma page FB ‚ö†Ô∏è #WRC #Mexico https://t.co/FeA‚Ä¶
2018-03-11 17:32:01,RT @DanosElena: On vient d‚Äôavoir une id√©e avec @thierryneuville ü§£ Rdv √† 18h30 (H Fran√ßaise) sur ma page FB ‚ö†Ô∏è #WRC #Mexico https://t.co/FeA‚Ä¶
2018-03-11 17:29:48,RT @apnnewsindia: #AkhilSheoran clinches #gold medal in men's 50 metre rifle 3 position at #ISSFWorldCup in #Mexico¬†.  @ISSF_Shooting https‚Ä¶
2018-03-11 17:29:31,RT @apnnewsindia: #AkhilSheoran clinches #gold medal in men's 50 metre rifle 3 position at #ISSFWorldCup in #Mexico¬†.  @ISSF_Shooting https‚Ä¶
2018-03-11 17:28:51,RT @DanosElena: On vient d‚Äôavoir une id√©e avec @thierryneuville ü§£ Rdv √† 18h30 (H Fran√ßaise) sur ma page FB ‚ö†Ô∏è #WRC #Mexico https://t.co/FeA‚Ä¶
2018-03-11 17:20:56,RT @DanosElena: On vient d‚Äôavoir une id√©e avec @thierryneuville ü§£ Rdv √† 18h30 (H Fran√ßaise) sur ma page FB ‚ö†Ô∏è #WRC #Mexico https://t.co/FeA‚Ä¶
2018-03-11 17:18:23,RT @DanosElena: On vient d‚Äôavoir une id√©e avec @thierryneuville ü§£ Rdv √† 18h30 (H Fran√ßaise) sur ma page FB ‚ö†Ô∏è #WRC #Mexico https://t.co/FeA‚Ä¶
2018-03-11 17:17:18,RT @DanosElena: On vient d‚Äôavoir une id√©e avec @thierryneuville ü§£ Rdv √† 18h30 (H Fran√ßaise) sur ma page FB ‚ö†Ô∏è #WRC #Mexico https://t.co/FeA‚Ä¶
2018-03-11 17:12:11,RT @DanosElena: On vient d‚Äôavoir une id√©e avec @thierryneuville ü§£ Rdv √† 18h30 (H Fran√ßaise) sur ma page FB ‚ö†Ô∏è #WRC #Mexico https://t.co/FeA‚Ä¶
2018-03-11 17:11:25,RT @DanosElena: On vient d‚Äôavoir une id√©e avec @thierryneuville ü§£ Rdv √† 18h30 (H Fran√ßaise) sur ma page FB ‚ö†Ô∏è #WRC #Mexico https://t.co/FeA‚Ä¶
2018-03-11 17:09:58,RT @DanosElena: On vient d‚Äôavoir une id√©e avec @thierryneuville ü§£ Rdv √† 18h30 (H Fran√ßaise) sur ma page FB ‚ö†Ô∏è #WRC #Mexico https://t.co/FeA‚Ä¶
2018-03-11 17:09:56,RT @DanosElena: On vient d‚Äôavoir une id√©e avec @thierryneuville ü§£ Rdv √† 18h30 (H Fran√ßaise) sur ma page FB ‚ö†Ô∏è #WRC #Mexico https://t.co/FeA‚Ä¶
2018-03-11 17:09:22,RT @DanosElena: On vient d‚Äôavoir une id√©e avec @thierryneuville ü§£ Rdv √† 18h30 (H Fran√ßaise) sur ma page FB ‚ö†Ô∏è #WRC #Mexico https://t.co/FeA‚Ä¶
2018-03-11 17:06:37,On vient d‚Äôavoir une id√©e avec @thierryneuville ü§£ Rdv √† 18h30 (H Fran√ßaise) sur ma page FB ‚ö†Ô∏è #WRC #Mexico https://t.co/FeAx1ToGpg
2018-03-11 16:55:01,RT @airnewsalerts: #AkhilSheoran clinches #gold medal in men's 50 metre rifle 3 position at #ISSFWorldCup in #Mexico.  @ISSF_Shooting https‚Ä¶
2018-03-11 16:05:51,RT @apnnewsindia: #AkhilSheoran clinches #gold medal in men's 50 metre rifle 3 position at #ISSFWorldCup in #Mexico¬†.  @ISSF_Shooting https‚Ä¶
2018-03-11 16:03:50,RT @apnnewsindia: #AkhilSheoran clinches #gold medal in men's 50 metre rifle 3 position at #ISSFWorldCup in #Mexico¬†.  @ISSF_Shooting https‚Ä¶
2018-03-11 15:50:33,RT @apnnewsindia: #AkhilSheoran clinches #gold medal in men's 50 metre rifle 3 position at #ISSFWorldCup in #Mexico¬†.  @ISSF_Shooting https‚Ä¶
2018-03-11 15:45:15,"RT @hammerjuan: Traspaso de poder #Bachelet-#Pi√±era, un d√©j√† vu en #Chile https://t.co/K4jXaCnQuS #Cuba #Venezuela #Colombia #Mexico @teles‚Ä¶"
2018-03-11 15:43:16,RT @airnewsalerts: #AkhilSheoran clinches #gold medal in men's 50 metre rifle 3 position at #ISSFWorldCup in #Mexico.  @ISSF_Shooting https‚Ä¶
2018-03-11 15:42:38,"Traspaso de poder #Bachelet-#Pi√±era, un d√©j√† vu en #Chile https://t.co/K4jXaCnQuS #Cuba #Venezuela #Colombia‚Ä¶ https://t.co/ZvWymm5X5l"
2018-03-11 15:22:17,RT @apnnewsindia: #AkhilSheoran clinches #gold medal in men's 50 metre rifle 3 position at #ISSFWorldCup in #Mexico¬†.  @ISSF_Shooting https‚Ä¶
2018-03-11 15:18:14,RT @apnnewsindia: #AkhilSheoran clinches #gold medal in men's 50 metre rifle 3 position at #ISSFWorldCup in #Mexico¬†.  @ISSF_Shooting https‚Ä¶
2018-03-11 15:13:37,"RT @sdetails: Aujourd'hui, D√©tails d' #architecture va √† #Mexico √† la d√©couverte de bandes d‚Äô #aluminium incurv√©es qui habillent une fa√ßade‚Ä¶"
2018-03-11 15:09:10,"Aujourd'hui, D√©tails d' #architecture va √† #Mexico √† la d√©couverte de bandes d‚Äô #aluminium incurv√©es qui habillent‚Ä¶ https://t.co/rScr6qsCrE"
2018-03-11 14:55:30,RT @apnnewsindia: #AkhilSheoran clinches #gold medal in men's 50 metre rifle 3 position at #ISSFWorldCup in #Mexico¬†.  @ISSF_Shooting https‚Ä¶
2018-03-11 13:49:39,RT @airnewsalerts: #AkhilSheoran clinches #gold medal in men's 50 metre rifle 3 position at #ISSFWorldCup in #Mexico.  @ISSF_Shooting https‚Ä¶
2018-03-11 13:48:31,RT @apnnewsindia: #AkhilSheoran clinches #gold medal in men's 50 metre rifle 3 position at #ISSFWorldCup in #Mexico¬†.  @ISSF_Shooting https‚Ä¶
2018-03-11 13:41:07,#AkhilSheoran clinches #gold medal in men's 50 metre rifle 3 position at #ISSFWorldCup in #Mexico¬†.  @ISSF_Shooting https://t.co/SB8Xeywnmj
2018-03-11 13:36:48,"RT @elpueblolaciota: Plat du jour: Cuisse de poulet et Pipian verde, sauce au graines de courgettes Chile üå∂ jalape√±o,coriandre, cacahuetes,‚Ä¶"
2018-03-11 13:36:09,RT @airnewsalerts: #AkhilSheoran clinches #gold medal in men's 50 metre rifle 3 position at #ISSFWorldCup in #Mexico.  @ISSF_Shooting https‚Ä¶
2018-03-11 13:16:27,RT @airnewsalerts: #AkhilSheoran clinches #gold medal in men's 50 metre rifle 3 position at #ISSFWorldCup in #Mexico.  @ISSF_Shooting https‚Ä¶
2018-03-11 13:10:20,RT @airnewsalerts: #AkhilSheoran clinches #gold medal in men's 50 metre rifle 3 position at #ISSFWorldCup in #Mexico.  @ISSF_Shooting https‚Ä¶
2018-03-11 13:09:17,RT @airnewsalerts: #AkhilSheoran clinches #gold medal in men's 50 metre rifle 3 position at #ISSFWorldCup in #Mexico.  @ISSF_Shooting https‚Ä¶
2018-03-11 13:08:16,"RT @IndiaTodayFLASH: #AkhilSheoran clinches #gold medal in men's 50 metre rifle 3 position at #ISSFWorldCup in #Mexico.  @ISSF_Shooting 
(A‚Ä¶"
2018-03-11 13:02:25,RT @airnewsalerts: #AkhilSheoran clinches #gold medal in men's 50 metre rifle 3 position at #ISSFWorldCup in #Mexico.  @ISSF_Shooting https‚Ä¶
2018-03-11 13:00:32,#AkhilSheoran clinches #gold medal in men's 50 metre rifle 3 position at #ISSFWorldCup in #Mexico.  @ISSF_Shooting https://t.co/9fESNRMJYa
2018-03-11 12:45:04,RT @airnewsalerts: #AkhilSheoran clinches #gold medal in men's 50 metre rifle 3 position at #ISSFWorldCup in #Mexico.  @ISSF_Shooting https‚Ä¶
2018-03-11 12:44:48,RT @airnewsalerts: #AkhilSheoran clinches #gold medal in men's 50 metre rifle 3 position at #ISSFWorldCup in #Mexico.  @ISSF_Shooting https‚Ä¶
2018-03-11 12:44:41,RT @airnewsalerts: #AkhilSheoran clinches #gold medal in men's 50 metre rifle 3 position at #ISSFWorldCup in #Mexico.  @ISSF_Shooting https‚Ä¶
2018-03-11 12:44:35,RT @airnewsalerts: #AkhilSheoran clinches #gold medal in men's 50 metre rifle 3 position at #ISSFWorldCup in #Mexico.  @ISSF_Shooting https‚Ä¶
2018-03-11 12:44:08,"RT @IndiaTodayFLASH: #AkhilSheoran clinches #gold medal in men's 50 metre rifle 3 position at #ISSFWorldCup in #Mexico.  @ISSF_Shooting 
(A‚Ä¶"
2018-03-11 12:43:45,RT @airnewsalerts: #AkhilSheoran clinches #gold medal in men's 50 metre rifle 3 position at #ISSFWorldCup in #Mexico.  @ISSF_Shooting https‚Ä¶
2018-03-11 12:43:27,RT @airnewsalerts: #AkhilSheoran clinches #gold medal in men's 50 metre rifle 3 position at #ISSFWorldCup in #Mexico.  @ISSF_Shooting https‚Ä¶
2018-03-11 12:43:18,RT @airnewsalerts: #AkhilSheoran clinches #gold medal in men's 50 metre rifle 3 position at #ISSFWorldCup in #Mexico.  @ISSF_Shooting https‚Ä¶
2018-03-11 12:42:50,"#AkhilSheoran clinches #gold medal in men's 50 metre rifle 3 position at #ISSFWorldCup in #Mexico.  @ISSF_Shooting 
(AIR)"
2018-03-11 12:41:59,RT @airnewsalerts: #AkhilSheoran clinches #gold medal in men's 50 metre rifle 3 position at #ISSFWorldCup in #Mexico.  @ISSF_Shooting https‚Ä¶
2018-03-11 12:41:38,RT @airnewsalerts: #AkhilSheoran clinches #gold medal in men's 50 metre rifle 3 position at #ISSFWorldCup in #Mexico.  @ISSF_Shooting https‚Ä¶
2018-03-11 12:41:22,#AkhilSheoran clinches #gold medal in men's 50 metre rifle 3 position at #ISSFWorldCup in #Mexico.  @ISSF_Shooting https://t.co/JPIPxj66c2
2018-03-11 12:18:33,"RT @TravelByBlades: Quand t'as pas le temps de prendre le bus.
#Mexico #Gratuit #Roller #Voyage #WTF https://t.co/PsjpQnhnQz"
2018-03-11 11:35:06,"RT @JosePanenka: Alors c'est peut-√™tre ""que"" le Mexique, mais c'est pas pour √ßa que c'est plus facile de mettre des buts de 30m dans la lul‚Ä¶"
2018-03-11 11:28:42,"RT @JosePanenka: Alors c'est peut-√™tre ""que"" le Mexique, mais c'est pas pour √ßa que c'est plus facile de mettre des buts de 30m dans la lul‚Ä¶"
2018-03-11 11:23:45,"Alors c'est peut-√™tre ""que"" le Mexique, mais c'est pas pour √ßa que c'est plus facile de mettre des buts de 30m dans‚Ä¶ https://t.co/ob3UZwaqlw"
2018-03-11 08:30:30,"Couch√© de soleil sur la c√¥te pacifique mexicaine ü§òü§©üòäüåéüá≤üáΩ
#love #sunset #mexico #travel #blogger‚Ä¶ https://t.co/XLjXedG4YV"
2018-03-11 08:00:25,Incroyable moment de d√©tente dans un Cenote aux eaux turquoises #d√©tente #Peace #travelers #cenote #Yucatan‚Ä¶ https://t.co/RY3tzcHKFz
2018-03-11 07:23:53,Photo du jour : Isla Holbox apr√®s l'orage #landscapephotography #lifestylephotography #photoderue #Photographie‚Ä¶ https://t.co/D21CbM0gFV
2018-03-11 06:21:14,"RT @Historia_Xalapa: Calle #AdalbertoTejeda, entre calles #M√©xico y #Xalapa, de la #ColoniaPumar, 1957: https://t.co/XG6YJ8y9H2 https://t.c‚Ä¶"
2018-03-11 05:24:12,RT @mezclem: Je crois que @10APG est aim√© aux Tigres üêØ ! #gignac #tigres #monterrey #mexico #football #TeamOM https://t.co/9TifQajfNf
2018-03-11 02:30:48,Explore! #mexico #travel #love #wanderlust #sunset #weekend #tacos #bricks #history‚Ä¶ https://t.co/awjfBNHR5A
2018-03-11 02:00:27,"RT @ricoromanxxx: Ya saben Follow y Retweet üçÜüçë
#Gay #Verga #Pene #Porn #Cdmx #Mexico #Booty #Ass #Legs #Xxx https://t.co/zS8xH2Yrmm"
2018-03-11 01:47:30,"Porque tenemos un sue√±o y es acercar la #Energ√≠a #Renovable a todos.

Because we have a dream and this one is to br‚Ä¶ https://t.co/vXYvzZDs5p"
2018-03-10 22:47:48,"RT @Archi_Cree: D√©couvrez l'un des architectes les plus reconnus au Mexique : Luis Barragan  et son utilisation des couleurs vives, devenue‚Ä¶"
2018-03-10 21:38:55,#mexico Surf en la Riviera Nayarit https://t.co/6Ze4Y5heOE https://t.co/qAL3HsTkJm
2018-03-10 21:34:46,@AndresDPhoto belaircollectionresorts #weddingday #arras #rivieramaya #boda #mexico #wedding‚Ä¶ https://t.co/78p9j8jZY9
2018-03-10 21:19:59,"RT @DanosElena: Journ√©e termin√©e, il est 1h du matin, on va se coucher ! @DaniSordo, attention √† toi, on n‚Äôest pas loin üòù Et @OttTanak, pas‚Ä¶"
2018-03-10 20:45:32,"RT @TodoEnDiscos: #MaitePerroni #FelizCumplea√±os #ArtistaTED #TodoEnDiscos #Music #RBD #Mexico

Maite Perroni‚Ä¶ https://t.co/99wn3LqwUZ"
2018-03-10 20:32:30,"#Canada loots #Mexico's mining riches 
Le #Canada met √° sac les richesses mini√©res du #Mexique https://t.co/EEHRw4Jim6"
2018-03-10 20:19:58,#friday #wedding #dinner #monterrey #nuevole√≥n #mexico J&amp;S en Club Campestre Monterrey Golf https://t.co/rDTsUxyjQm
2018-03-10 20:09:00,"Lifestyle Holiday Vacation in Mexico
GRAND OASIS CANCUN IN CANCUN, MEXICO Provides #Vacation #Rental Properties Can‚Ä¶ https://t.co/NvBtFebKxI"
2018-03-10 18:59:33,"Quand t'as pas le temps de prendre le bus.
#Mexico #Gratuit #Roller #Voyage #WTF https://t.co/PsjpQnhnQz"
2018-03-10 18:33:46,"RT @ClaireLaval: @IdemexParis #Mexico #Travelbook de #Nicolasdetrecy...libre, organique, urbain, lumineux https://t.co/QoNiNkNRQf"
2018-03-10 18:13:58,"@IdemexParis #Mexico #Travelbook de #Nicolasdetrecy...libre, organique, urbain, lumineux https://t.co/QoNiNkNRQf"
2018-03-10 17:37:26,RT @DanosElena: Caf√© ?! Non un chocolat svp ü§£ü§£ C‚Äôest parti pour une grande journ√©e üòú #WRC #C3WRC #Mexico üá≤üáΩ https://t.co/YpKSjoxntK
2018-03-10 17:22:27,"RT @DanosElena: Journ√©e termin√©e, il est 1h du matin, on va se coucher ! @DaniSordo, attention √† toi, on n‚Äôest pas loin üòù Et @OttTanak, pas‚Ä¶"
2018-03-10 16:30:58,[POLITIQUE INTERNATIONALE] Une 1√®re pour le #Mexique : la #gauche aux portes du pouvoir!  #Presidentielle ‚û°Ô∏è‚Ä¶ https://t.co/BTSwJmz6dG
2018-03-10 16:05:00,‚ÄúParesse : habitude prise de se reposer avant la fatigue‚Äù - Jules Renard #Guadalupe #Jules #Renard #Mexico #soleil‚Ä¶ https://t.co/1hIaUpq3hG
2018-03-10 15:43:09,"BIM ! La renaissance ! 
#WRC #Mexico #Loeb #Elena https://t.co/rXqVtLKm7F"
2018-03-10 15:18:01,"Le squat des p√©licans ü§©üíñü§òüá≤üáΩ 
#riolagartos #pelicans #mexico #yucatan #travel #around #the #world‚Ä¶ https://t.co/oaIqDVonuE"
2018-03-10 15:00:06,"#MaitePerroni #FelizCumplea√±os #ArtistaTED #TodoEnDiscos #Music #RBD #Mexico

Maite Perroni‚Ä¶ https://t.co/99wn3LqwUZ"
2018-03-10 14:14:14,Bonjour mes amis! üì∑ üçÇüåé#naturaleza #mexico #marr√≥n #Hdz https://t.co/LshXcm1SeG
2018-03-10 13:59:52,"RT @DanosElena: Journ√©e termin√©e, il est 1h du matin, on va se coucher ! @DaniSordo, attention √† toi, on n‚Äôest pas loin üòù Et @OttTanak, pas‚Ä¶"
2018-03-10 13:49:40,"RT @DanosElena: Journ√©e termin√©e, il est 1h du matin, on va se coucher ! @DaniSordo, attention √† toi, on n‚Äôest pas loin üòù Et @OttTanak, pas‚Ä¶"
2018-03-10 12:37:44,"RT @ricoromanxxx: Ya saben Follow y Retweet üçÜüçë
#Gay #Verga #Pene #Porn #Cdmx #Mexico #Booty #Ass #Legs #Xxx https://t.co/zS8xH2Yrmm"
2018-03-10 12:37:41,"RT @AEDenFrance: Communiqu√©: Pour la 10¬∞ ann√©e cons√©cutive, l‚ÄôAED organise du 12 au 19 mars, La #nuitdestemoins, une soir√©e d√©di√©e √† ceux q‚Ä¶"
2018-03-10 12:25:33,"RT @DanosElena: Journ√©e termin√©e, il est 1h du matin, on va se coucher ! @DaniSordo, attention √† toi, on n‚Äôest pas loin üòù Et @OttTanak, pas‚Ä¶"
2018-03-10 12:10:15,"RT @DanosElena: Journ√©e termin√©e, il est 1h du matin, on va se coucher ! @DaniSordo, attention √† toi, on n‚Äôest pas loin üòù Et @OttTanak, pas‚Ä¶"
2018-03-10 11:49:09,"RT @DanosElena: Journ√©e termin√©e, il est 1h du matin, on va se coucher ! @DaniSordo, attention √† toi, on n‚Äôest pas loin üòù Et @OttTanak, pas‚Ä¶"
2018-03-10 11:47:09,"RT @DanosElena: Journ√©e termin√©e, il est 1h du matin, on va se coucher ! @DaniSordo, attention √† toi, on n‚Äôest pas loin üòù Et @OttTanak, pas‚Ä¶"
2018-03-10 11:40:13,"RT @DanosElena: Journ√©e termin√©e, il est 1h du matin, on va se coucher ! @DaniSordo, attention √† toi, on n‚Äôest pas loin üòù Et @OttTanak, pas‚Ä¶"
2018-03-10 11:38:25,"RT @DanosElena: Journ√©e termin√©e, il est 1h du matin, on va se coucher ! @DaniSordo, attention √† toi, on n‚Äôest pas loin üòù Et @OttTanak, pas‚Ä¶"
2018-03-10 11:09:23,"RT @DanosElena: Journ√©e termin√©e, il est 1h du matin, on va se coucher ! @DaniSordo, attention √† toi, on n‚Äôest pas loin üòù Et @OttTanak, pas‚Ä¶"
2018-03-10 11:00:45,"RT @DanosElena: Journ√©e termin√©e, il est 1h du matin, on va se coucher ! @DaniSordo, attention √† toi, on n‚Äôest pas loin üòù Et @OttTanak, pas‚Ä¶"
2018-03-10 10:51:46,"RT @DanosElena: Journ√©e termin√©e, il est 1h du matin, on va se coucher ! @DaniSordo, attention √† toi, on n‚Äôest pas loin üòù Et @OttTanak, pas‚Ä¶"
2018-03-10 10:49:08,"RT @DanosElena: Journ√©e termin√©e, il est 1h du matin, on va se coucher ! @DaniSordo, attention √† toi, on n‚Äôest pas loin üòù Et @OttTanak, pas‚Ä¶"
2018-03-10 10:46:46,"RT @DanosElena: Journ√©e termin√©e, il est 1h du matin, on va se coucher ! @DaniSordo, attention √† toi, on n‚Äôest pas loin üòù Et @OttTanak, pas‚Ä¶"
2018-03-10 10:31:21,Photo du jour : Isla Holbox apr√®s l'orage #landscapephotography #lifestylephotography #photoderue #Photographie‚Ä¶ https://t.co/edeDNUwgJZ
2018-03-10 10:05:19,"RT @DanosElena: Journ√©e termin√©e, il est 1h du matin, on va se coucher ! @DaniSordo, attention √† toi, on n‚Äôest pas loin üòù Et @OttTanak, pas‚Ä¶"
2018-03-10 09:55:35,"RT @DanosElena: Journ√©e termin√©e, il est 1h du matin, on va se coucher ! @DaniSordo, attention √† toi, on n‚Äôest pas loin üòù Et @OttTanak, pas‚Ä¶"
2018-03-10 09:48:37,"RT @DanosElena: Journ√©e termin√©e, il est 1h du matin, on va se coucher ! @DaniSordo, attention √† toi, on n‚Äôest pas loin üòù Et @OttTanak, pas‚Ä¶"
2018-03-10 09:45:04,"RT @DanosElena: Journ√©e termin√©e, il est 1h du matin, on va se coucher ! @DaniSordo, attention √† toi, on n‚Äôest pas loin üòù Et @OttTanak, pas‚Ä¶"
2018-03-10 09:39:01,"RT @DanosElena: Journ√©e termin√©e, il est 1h du matin, on va se coucher ! @DaniSordo, attention √† toi, on n‚Äôest pas loin üòù Et @OttTanak, pas‚Ä¶"
2018-03-10 09:24:09,"RT @DanosElena: Journ√©e termin√©e, il est 1h du matin, on va se coucher ! @DaniSordo, attention √† toi, on n‚Äôest pas loin üòù Et @OttTanak, pas‚Ä¶"
