2018-03-21 20:31:14,"#Pan de pueblo, #tradici√≥n que se niega a morir @zinacantepectv 

https://t.co/yba6fG61qM https://t.co/9iNOgsna5H"
2018-03-21 20:30:00,"#CARMEN: A√∫n no definen al candidato del #PAN. 

@YOVAVEMX y @NellyMarquez aseguran que ser√° en los pr√≥ximos d√≠as c‚Ä¶ https://t.co/uuCVFnzOwn"
2018-03-21 20:26:59,RT @NoticiaCongreso: #Sesi√≥nDiputados Plantea el #Diputado @HernanCortesB #PAN iniciativa que establece los par√°metros para las pretensione‚Ä¶
2018-03-21 20:26:37,"Sorprendido de q ""Jorge Casta√±eda"" se integra como coordinador de campa√±a del candidato del #PAN sin embargo pienso‚Ä¶ https://t.co/Dw5VeMq05T"
2018-03-21 20:26:16,"RT @alynmon: Las #Ni√±aBien votar√°n por
#YaSabesQui√©n

#ConUnaSonrisaPodr√≠a recomendarle este video al @INEMexico porque est√© es un video #F‚Ä¶"
2018-03-21 20:26:05,"#Senador @LopezBrito_ #PAN destaca que M√©xico es origen de muchas semillas como ma√≠z, frijol, amarando, cacao, que‚Ä¶ https://t.co/GcbGHG0X5n"
2018-03-21 20:25:46,"RT @revista_enfila: #Encuesta Gea-Isa

La 2da. casa encuestadora que menciona que el √∫nico que le puede ganar a @lopezobrador_ es @RicardoA‚Ä¶"
2018-03-21 20:23:23,RT @FadlalaAkabani: La noche de ayer @LaTanquetaTV record√≥ el ejercicio de desinformaci√≥n de @STaboadaMx en torno al problema de #agua en l‚Ä¶
2018-03-21 20:23:02,"NUNCA tuve conversaci√≥n ni di√°logo con los aspirantes del Frente #PAN #PRD #MC, Z√∫√±iga y Robles, a la Alcald√≠a de Ocoyucan."
2018-03-21 20:19:43,"RT @Entera2mx: J√ìVENES HUYEN DE RICARDO ANAYA 
M√°s de mil j√≥venes renunciaron al PRD y se unieron a Morena, argumentando que Anaya no los r‚Ä¶"
2018-03-21 20:19:01,"RT @alynmon: Las #Ni√±aBien votar√°n por
#YaSabesQui√©n

#ConUnaSonrisaPodr√≠a recomendarle este video al @INEMexico porque est√© es un video #F‚Ä¶"
2018-03-21 20:16:42,"RT @damianzepeda: Los representantes de los partidos pol√≠ticos del @FrentePorMexico, #PAN, #PRD y #MovimientoCiudadano, denunciamos ante @A‚Ä¶"
2018-03-21 20:14:26,"RT @alynmon: Las #Ni√±aBien votar√°n por
#YaSabesQui√©n

#ConUnaSonrisaPodr√≠a recomendarle este video al @INEMexico porque est√© es un video #F‚Ä¶"
2018-03-21 20:11:38,"RT @alynmon: Las #Ni√±aBien votar√°n por
#YaSabesQui√©n

#ConUnaSonrisaPodr√≠a recomendarle este video al @INEMexico porque est√© es un video #F‚Ä¶"
2018-03-21 20:10:06,"En esta o la siguiente Legislatura, @AlbertoEBeltran ser√° sometido a juicio pol√≠tico: #PAN https://t.co/FDXLYHe6nM"
2018-03-21 20:10:02,"RT @alynmon: Las #Ni√±aBien votar√°n por
#YaSabesQui√©n

#ConUnaSonrisaPodr√≠a recomendarle este video al @INEMexico porque est√© es un video #F‚Ä¶"
2018-03-21 20:09:29,"RT @XEVATabasco: #AlMomento | Coalici√≥n ""Por #Tabasco al Frente"", integrada por el #PRD, #PAN y #MovimientoCiudadano registran a sus candid‚Ä¶"
2018-03-21 20:08:58,"#AlMomento | Coalici√≥n ""Por #Tabasco al Frente"", integrada por el #PRD, #PAN y #MovimientoCiudadano registran a sus‚Ä¶ https://t.co/7vyRndWRtD"
2018-03-21 20:08:32,"RT @alynmon: Las #Ni√±aBien votar√°n por
#YaSabesQui√©n

#ConUnaSonrisaPodr√≠a recomendarle este video al @INEMexico porque est√© es un video #F‚Ä¶"
2018-03-21 20:08:23,"RT @diarioelpopular: ""En Puebla el #PRD, #MC y #PAN No hay negociaci√≥n, no hubo actores pol√≠ticos considerados para las elecciones populare‚Ä¶"
2018-03-21 20:08:14,"GEA-ISA: AMLO encabeza preferencias electorales con el 27%, Anaya le sigue con el 23% y ... - https://t.co/sNMQ87YGpt #PAN"
2018-03-21 20:08:14,Incluye la coalici√≥n a Jorge Eugenio Russo ya Ra√∫l Ram√≠rez: MC - https://t.co/VCBxJdHuEY #PAN
2018-03-21 20:06:37,RT @R2D2YC3PIO: @El_Universal_Mx @Mzavalagc @EPN @FelipeCalderon Los de #morena piensan que hay pacto con el #PRI y #PAN los del #frente #P‚Ä¶
2018-03-21 20:03:02,"RT @marisela_bus: el #PRI por 70 a√±os y el #PAN por 12 a√±os han sido ambos un desastre, sin embargo mi intuici√≥n me dice que m√°s vale malo‚Ä¶"
2018-03-21 20:02:38,RT @NoticiaCongreso: #Sesi√≥nDiputados Plantea el #Diputado @HernanCortesB #PAN iniciativa que establece los par√°metros para las pretensione‚Ä¶
2018-03-21 20:02:15,¬°Ese es amor del bueno! Aqu√≠ atendiendo denuncias deportivas que muy de la mano hacen #PAN y #PRI. ¬øPues que tanto‚Ä¶ https://t.co/UiBJNHMVmz
2018-03-21 20:00:49,"""La contienda presidencial est√° entre el #PAN y #MORENA, no hay m√°s"": @damianzepeda https://t.co/Prqln0uNTk https://t.co/QXQgbsT4gC"
2018-03-21 19:55:12,"#As√≠LasCosas
CDE del #PAN pedir√≠a al @pueblaPSI reconsidere candidatura del hermano de ‚ÄúEl To√±√≠n‚Äù‚Ä¶ https://t.co/pRYeLecUEC"
2018-03-21 19:55:06,"#As√≠LasCosas
CDE del #PAN pedir√≠a al @pueblaPSI  reconsidere candidatura del hermano de ‚ÄúEl To√±√≠n‚Äù‚Ä¶ https://t.co/AQqegpbSBH"
2018-03-21 19:51:53,"#MORENA public√≥ un video que documenta el historial de complicidad entre el #PRI y el #PAN. 
¬øQuieres saber de qu√©‚Ä¶ https://t.co/qlgysVvr6d"
2018-03-21 19:51:27,"#PAN pide al #INAI denunciar a #XimenaPuente por conflicto de inter√©s
@radiomiled https://t.co/SyqZ0hIkVW https://t.co/9LkCsVRhbO"
2018-03-21 19:50:41,"RT @alynmon: Las #Ni√±aBien votar√°n por
#YaSabesQui√©n

#ConUnaSonrisaPodr√≠a recomendarle este video al @INEMexico porque est√© es un video #F‚Ä¶"
2018-03-21 19:49:02,"RT @FelipedlaCruzXV: - Nuevamente salen a la luz los lujos y excesos de Alejandra Barrales, por lo que ya no quiere que su declaraci√≥n patr‚Ä¶"
2018-03-21 19:47:50,"RT @MtroAValadezPAN: #UnDiaComoHoy de 1959, el Consejo  Nacional elige al Lic. Jos√© Gonz√°lez Torres como Presidente Nacional del #PAN 1959‚Ä¶"
2018-03-21 19:47:43,RT @MtroAValadezPAN: ‚ÄúSoy solamente un hombre de #convicciones que cree en la #democracia y act√∫a en consecuencia‚Äù.  ‚Äì Luis H. √Ålvarez ‚Äì #P‚Ä¶
2018-03-21 19:46:48,"#Sesi√≥nDiputados Del #PAN, el #Diputado @HectorBarrera_ propone reformas para establecer prisi√≥n preventiva oficios‚Ä¶ https://t.co/sITs3nGm9B"
2018-03-21 19:43:47,"RT @alynmon: Las #Ni√±aBien votar√°n por
#YaSabesQui√©n

#ConUnaSonrisaPodr√≠a recomendarle este video al @INEMexico porque est√© es un video #F‚Ä¶"
2018-03-21 19:42:20,"RT @alynmon: #NoHayD√≠aQueNo se han robado todo lo que pod√≠an las ratas del #PRIAN y su modo de operar para llevar acabo su corrupci√≥n, ases‚Ä¶"
2018-03-21 19:40:36,"M√©xico, campe√≥n latinoamericano de fuga de cerebros https://t.co/eBfuNiDwq4 PRI #PAN #BenitoJu√°rez"
2018-03-21 19:39:46,"RT @revista_enfila: #Encuesta Gea-Isa

La 2da. casa encuestadora que menciona que el √∫nico que le puede ganar a @lopezobrador_ es @RicardoA‚Ä¶"
2018-03-21 19:38:35,"RT @Entera2mx: J√ìVENES HUYEN DE RICARDO ANAYA 
M√°s de mil j√≥venes renunciaron al PRD y se unieron a Morena, argumentando que Anaya no los r‚Ä¶"
2018-03-21 19:35:41,"RT @ElColmenero_: Este zoom de #chapata habla por s√≠ solo, ¬øno crees? üòé
#pan #panarras #pandeverdad #malaha #alhaurinelgrande #obrador http‚Ä¶"
2018-03-21 19:35:37,"RT @yeidckol: Mentiras las @damianzepeda: 

¬°El √∫nico pacto de #MORENA es con la gente! 

Los que llevan a√±os pactando para hundir al pa√≠s‚Ä¶"
2018-03-21 19:34:39,‚ÄúSoy solamente un hombre de #convicciones que cree en la #democracia y act√∫a en consecuencia‚Äù.  ‚Äì Luis H. √Ålvarez ‚Äì‚Ä¶ https://t.co/sNkaxTisdF
2018-03-21 19:34:27,"J√ìVENES HUYEN DE RICARDO ANAYA 
M√°s de mil j√≥venes renunciaron al PRD y se unieron a Morena, argumentando que Anaya‚Ä¶ https://t.co/9sucK4i3jv"
2018-03-21 19:33:38,"RT @revista_enfila: #Encuesta Gea-Isa

La 2da. casa encuestadora que menciona que el √∫nico que le puede ganar a @lopezobrador_ es @RicardoA‚Ä¶"
2018-03-21 19:32:15,"RT @FelipedlaCruzXV: - Nuevamente salen a la luz los lujos y excesos de Alejandra Barrales, por lo que ya no quiere que su declaraci√≥n patr‚Ä¶"
2018-03-21 19:31:48,"üö®√öltimos cupos üö®

Recuerda trabajamos en horario de oficina y contamos con punto de venta ‚òéüôå #SomosCocineros‚Ä¶ https://t.co/7aHXUccGk5"
2018-03-21 19:30:12,"RT @FelipedlaCruzXV: - Nuevamente salen a la luz los lujos y excesos de Alejandra Barrales, por lo que ya no quiere que su declaraci√≥n patr‚Ä¶"
2018-03-21 19:29:18,"RT @FelipedlaCruzXV: - Nuevamente salen a la luz los lujos y excesos de Alejandra Barrales, por lo que ya no quiere que su declaraci√≥n patr‚Ä¶"
2018-03-21 19:28:55,"RT @alynmon: Las #Ni√±aBien votar√°n por
#YaSabesQui√©n

#ConUnaSonrisaPodr√≠a recomendarle este video al @INEMexico porque est√© es un video #F‚Ä¶"
2018-03-21 19:26:41,"RT @FelipedlaCruzXV: - Nuevamente salen a la luz los lujos y excesos de Alejandra Barrales, por lo que ya no quiere que su declaraci√≥n patr‚Ä¶"
2018-03-21 19:26:14,#Senador @danielavilamx #PAN presenta iniciativa que expide la Ley de Fomento y Desarrollo Sustentable de la Agroin‚Ä¶ https://t.co/05cvyXmump
2018-03-21 19:26:05,"RT @FelipedlaCruzXV: - Nuevamente salen a la luz los lujos y excesos de Alejandra Barrales, por lo que ya no quiere que su declaraci√≥n patr‚Ä¶"
2018-03-21 19:25:59,"RT @FelipedlaCruzXV: - Nuevamente salen a la luz los lujos y excesos de Alejandra Barrales, por lo que ya no quiere que su declaraci√≥n patr‚Ä¶"
2018-03-21 19:25:45,"RT @FelipedlaCruzXV: - Nuevamente salen a la luz los lujos y excesos de Alejandra Barrales, por lo que ya no quiere que su declaraci√≥n patr‚Ä¶"
2018-03-21 19:25:13,"RT @alynmon: Las #Ni√±aBien votar√°n por
#YaSabesQui√©n

#ConUnaSonrisaPodr√≠a recomendarle este video al @INEMexico porque est√© es un video #F‚Ä¶"
2018-03-21 19:24:45,"Alerta Roja en el #PAN #Sahuayo, se quedan sin candidato @panmichoacan @PANMichoacan18 @CDEPRIMICH @PRI_Nacional    https://t.co/oz6TVH1x0j"
2018-03-21 19:24:23,"RT @revista_enfila: #Encuesta Gea-Isa

La 2da. casa encuestadora que menciona que el √∫nico que le puede ganar a @lopezobrador_ es @RicardoA‚Ä¶"
2018-03-21 19:22:51,"RT @FelipedlaCruzXV: - Nuevamente salen a la luz los lujos y excesos de Alejandra Barrales, por lo que ya no quiere que su declaraci√≥n patr‚Ä¶"
2018-03-21 19:22:08,"RT @revista_enfila: #Encuesta Gea-Isa

La 2da. casa encuestadora que menciona que el √∫nico que le puede ganar a @lopezobrador_ es @RicardoA‚Ä¶"
2018-03-21 19:21:59,"RT @alynmon: Las #Ni√±aBien votar√°n por
#YaSabesQui√©n

#ConUnaSonrisaPodr√≠a recomendarle este video al @INEMexico porque est√© es un video #F‚Ä¶"
2018-03-21 19:21:42,"RT @esteisi789: Amigos y Amigas, ella es Maria Guadalupe Rodriguez Gaona, mejor conocida como Marilu, candidata a la Presidencia Municipal‚Ä¶"
2018-03-21 19:21:19,"RT @FelipedlaCruzXV: - Nuevamente salen a la luz los lujos y excesos de Alejandra Barrales, por lo que ya no quiere que su declaraci√≥n patr‚Ä¶"
2018-03-21 19:21:01,"RT @FelipedlaCruzXV: - Nuevamente salen a la luz los lujos y excesos de Alejandra Barrales, por lo que ya no quiere que su declaraci√≥n patr‚Ä¶"
2018-03-21 19:20:51,"RT @alynmon: Las #Ni√±aBien votar√°n por
#YaSabesQui√©n

#ConUnaSonrisaPodr√≠a recomendarle este video al @INEMexico porque est√© es un video #F‚Ä¶"
2018-03-21 19:20:31,Ojala @MovCiudadanoMX en #gto no le engorde el caldo al #pan y #prd nunca los tomaron en cuenta y solo son un requi‚Ä¶ https://t.co/Lx9ysbiBZk
2018-03-21 19:20:23,"RT @esteisi789: Amigos y Amigas, ella es Maria Guadalupe Rodriguez Gaona, mejor conocida como Marilu, candidata a la Presidencia Municipal‚Ä¶"
2018-03-21 19:20:00,"@Granier63 cuenta siempre con el grandioso olor de pan reci√©n hecho 
.
.
#Panes #Pan #panaderia #PaladarContento‚Ä¶ https://t.co/FgWv0Otkv8"
2018-03-21 19:16:39,"RT @FelipedlaCruzXV: - Nuevamente salen a la luz los lujos y excesos de Alejandra Barrales, por lo que ya no quiere que su declaraci√≥n patr‚Ä¶"
2018-03-21 19:16:38,"RT @alynmon: Las #Ni√±aBien votar√°n por
#YaSabesQui√©n

#ConUnaSonrisaPodr√≠a recomendarle este video al @INEMexico porque est√© es un video #F‚Ä¶"
2018-03-21 19:15:55,RT @letymaldo: @politicomx @Mzavalagc @damianzepeda @JaimeRdzNL @JLozanoA @MagdaGraciasFCH @warkentin @RicardoAnayaC @CiudAccionX_MEX @mari‚Ä¶
2018-03-21 19:15:50,"RT @esteisi789: Amigos y Amigas, ella es Maria Guadalupe Rodriguez Gaona, mejor conocida como Marilu, candidata a la Presidencia Municipal‚Ä¶"
2018-03-21 19:15:39,#ElCongresoEsTuyo Congreso del Estado da permiso a la Dip. @Dipileana8 para que pueda participar en el proceso elec‚Ä¶ https://t.co/J36uVsCcOy
2018-03-21 19:15:38,"RT @revista_enfila: #Encuesta Gea-Isa

La 2da. casa encuestadora que menciona que el √∫nico que le puede ganar a @lopezobrador_ es @RicardoA‚Ä¶"
2018-03-21 19:13:44,"RT @NoticiaCongreso: #Senador @rgraciag #PAN considera que el asunto de la renuncia de la comisionada Ximena Puente de la Mora, se debe deb‚Ä¶"
2018-03-21 19:12:29,RT @NoticiaCongreso: #Sesi√≥nDiputados Plantea el #Diputado @HernanCortesB #PAN iniciativa que establece los par√°metros para las pretensione‚Ä¶
2018-03-21 19:11:46,RT @R2D2YC3PIO: @El_Universal_Mx @Mzavalagc @EPN @FelipeCalderon Los de #morena piensan que hay pacto con el #PRI y #PAN los del #frente #P‚Ä¶
2018-03-21 19:10:54,@politicomx @Mzavalagc @damianzepeda @JaimeRdzNL @JLozanoA @MagdaGraciasFCH @warkentin @RicardoAnayaC‚Ä¶ https://t.co/yDpH7YGG78
2018-03-21 19:10:47,RT @NoticiaCongreso: #Sesi√≥nDiputados Plantea el #Diputado @HernanCortesB #PAN iniciativa que establece los par√°metros para las pretensione‚Ä¶
2018-03-21 19:10:35,"""En Puebla el #PRD, #MC y #PAN No hay negociaci√≥n, no hubo actores pol√≠ticos considerados para las elecciones popul‚Ä¶ https://t.co/lrK2WzR7G9"
2018-03-21 19:08:59,"Marko Cort√©s, acept√≥ que el #PAN pedir√° a Margarita Zavala declinar a favor de Ricardo Anaya para ganar la Presiden‚Ä¶ https://t.co/4MJMc0fKDw"
2018-03-21 19:08:23,"RT @esteisi789: Amigos y Amigas, ella es Maria Guadalupe Rodriguez Gaona, mejor conocida como Marilu, candidata a la Presidencia Municipal‚Ä¶"
2018-03-21 19:08:06,Epigmenio Ibarra se deslinda del video de la 'Ni√±a bien' - https://t.co/T8bQwEeWPf #PAN
2018-03-21 19:08:05,PGR solicita atraer el caso Miroslava Breach - https://t.co/StqKmYTYhX #PAN
2018-03-21 19:08:05,"RT @CiroGomezL: #Morena s√≠ est√° detr√°s de ""La Ni√±a Bien""; fue una idea genial. Asegur√≥ #PorLaMa√±ana @JTrianaT, diputado del #PAN
https://t.‚Ä¶"
2018-03-21 19:08:04,Iniciativa Galileos asegura el PRD est√° secuestrado por intereses personales - https://t.co/pmGdgh1o1k #PAN
2018-03-21 19:08:03,"PAN buscar√° el voto √∫til para vencer a AMLO, afirma Marko Cort√©s - https://t.co/ocsb6d8l7E #PAN"
2018-03-21 19:08:01,"RT @esteisi789: Amigos y Amigas, ella es Maria Guadalupe Rodriguez Gaona, mejor conocida como Marilu, candidata a la Presidencia Municipal‚Ä¶"
2018-03-21 19:05:51,"Nuevo micro curso #25Marzo aparta tu cupo contamos con punto de venta, si deseas inf de precios contactanos a nuest‚Ä¶ https://t.co/Uh30aCZ98w"
2018-03-21 19:05:29,"#Encuesta Gea-Isa

La 2da. casa encuestadora que menciona que el √∫nico que le puede ganar a @lopezobrador_ es‚Ä¶ https://t.co/Hn9wS3XqGt"
2018-03-21 19:04:43,RT @NoticiaCongreso: #Sesi√≥nDiputados Plantea el #Diputado @HernanCortesB #PAN iniciativa que establece los par√°metros para las pretensione‚Ä¶
2018-03-21 19:04:33,"RT @yeidckol: Mentiras las @damianzepeda: 

¬°El √∫nico pacto de #MORENA es con la gente! 

Los que llevan a√±os pactando para hundir al pa√≠s‚Ä¶"
2018-03-21 19:04:13,#Sesi√≥nDiputados Plantea el #Diputado @HernanCortesB #PAN iniciativa que establece los par√°metros para las pretensi‚Ä¶ https://t.co/h03AOH2wPw
2018-03-21 19:02:36,"RT @diazpol: Aparece VIDEO DETR√ÅS de C√ÅMARAS de #Ni√±aBien grabado en parroquia de Del. Benito Ju√°rez del #PAN.
https://t.co/cJEw4bxDzR"
2018-03-21 18:58:11,"RT @diazpol: Aparece VIDEO DETR√ÅS de C√ÅMARAS de #Ni√±aBien grabado en parroquia de Del. Benito Ju√°rez del #PAN.
https://t.co/cJEw4bxDzR"
2018-03-21 18:52:10,Recuerda el #Diputado @LuisF_Mesta #PAN que este 21 de marzo se conmemora a nivel mundial el D√≠a Mundial del S√≠ndro‚Ä¶ https://t.co/3N1uEb8TT9
2018-03-21 18:50:53,Jes√∫s Nader ‚Äòempaca‚Äô el 1 de Abril ¬ª Muro Politico https://t.co/LCgFxSfS59 #Tampico #JesusNader #Tamaulipas #PAN
2018-03-21 18:50:12,"RT @damianzepeda: Los representantes de los partidos pol√≠ticos del @FrentePorMexico, #PAN, #PRD y #MovimientoCiudadano, denunciamos ante @A‚Ä¶"
2018-03-21 18:48:38,"RT @GabriLeonOsorio: #HablemosClaroFuerteYDirecto cuando  te das cuenta que los pleitos del #PRI y del #PAN es una farsa, una simulaci√≥n di‚Ä¶"
2018-03-21 18:47:07,#BeatrizParedesRangel descart√≥ un pacto entre #PAN y #PRI https://t.co/hdAM693q66
2018-03-21 18:46:15,"RT @alynmon: Las #Ni√±aBien votar√°n por
#YaSabesQui√©n

#ConUnaSonrisaPodr√≠a recomendarle este video al @INEMexico porque est√© es un video #F‚Ä¶"
2018-03-21 18:45:43,"RT @alynmon: Las #Ni√±aBien votar√°n por
#YaSabesQui√©n

#ConUnaSonrisaPodr√≠a recomendarle este video al @INEMexico porque est√© es un video #F‚Ä¶"
2018-03-21 18:44:24,"RT @alynmon: Las #Ni√±aBien votar√°n por
#YaSabesQui√©n

#ConUnaSonrisaPodr√≠a recomendarle este video al @INEMexico porque est√© es un video #F‚Ä¶"
2018-03-21 18:44:20,"RT @lasillarota: #Elecciones2018 Aprueban coalici√≥n entre #PRD, #PAN y #MC en #Edomex para la elecci√≥n de diputados locales y alcald√≠as htt‚Ä¶"
2018-03-21 18:43:06,"Indica el #Diputado Juan Luis De Anda #PAN que Ju√°rez pele√≥ arduamente para defender a la Rep√∫blica, la Constituci√≥‚Ä¶ https://t.co/fXPbHJz6Hr"
2018-03-21 18:42:54,"RT @FelipedlaCruzXV: - Nuevamente salen a la luz los lujos y excesos de Alejandra Barrales, por lo que ya no quiere que su declaraci√≥n patr‚Ä¶"
2018-03-21 18:42:33,"RT @alynmon: Las #Ni√±aBien votar√°n por
#YaSabesQui√©n

#ConUnaSonrisaPodr√≠a recomendarle este video al @INEMexico porque est√© es un video #F‚Ä¶"
2018-03-21 18:41:32,"RT @NoticiasMVS: En esta o la siguiente Legislatura, @AlbertoEBeltran ser√° sometido a juicio pol√≠tico, advierte el coordinador del #PAN en‚Ä¶"
2018-03-21 18:40:09,"RT @alynmon: Las #Ni√±aBien votar√°n por
#YaSabesQui√©n

#ConUnaSonrisaPodr√≠a recomendarle este video al @INEMexico porque est√© es un video #F‚Ä¶"
2018-03-21 18:35:55,"RT @yeidckol: Mentiras las @damianzepeda: 

¬°El √∫nico pacto de #MORENA es con la gente! 

Los que llevan a√±os pactando para hundir al pa√≠s‚Ä¶"
2018-03-21 18:35:37,"RT @damianzepeda: Los representantes de los partidos pol√≠ticos del @FrentePorMexico, #PAN, #PRD y #MovimientoCiudadano, denunciamos ante @A‚Ä¶"
2018-03-21 18:35:35,"En esta o la siguiente Legislatura, @AlbertoEBeltran ser√° sometido a juicio pol√≠tico, advierte el coordinador del #PAN en San L√°zaro."
2018-03-21 18:34:51,RT @JosLuisCarrillo: Uno m√°s que se suma a @RicardoAnayaC #JorgeCasta√±eda se encarga desde hoy de la Estrategia de campa√±a del #PAN @lucesd‚Ä¶
2018-03-21 18:32:45,"RT @JackoBadillo: Este es, sin duda, un momento hist√≥rico para Guerrero. El reto es may√∫sculo y requiere una suma de esfuerzos; por eso nos‚Ä¶"
2018-03-21 18:32:02,"RT @revista_enfila: #Encuesta GEA-ISA 
De acuerdo la medici√≥n, referida en el noticiero de @CiroGomezL 

@lopezobrador_  obtiene el 27 %

@‚Ä¶"
2018-03-21 18:31:06,"RT @FelipedlaCruzXV: - Nuevamente salen a la luz los lujos y excesos de Alejandra Barrales, por lo que ya no quiere que su declaraci√≥n patr‚Ä¶"
2018-03-21 18:30:36,"RT @FelipedlaCruzXV: - Nuevamente salen a la luz los lujos y excesos de Alejandra Barrales, por lo que ya no quiere que su declaraci√≥n patr‚Ä¶"
2018-03-21 18:26:04,"RT @alynmon: Las #Ni√±aBien votar√°n por
#YaSabesQui√©n

#ConUnaSonrisaPodr√≠a recomendarle este video al @INEMexico porque est√© es un video #F‚Ä¶"
2018-03-21 18:25:54,"#Senador @rgraciag #PAN considera que el asunto de la renuncia de la comisionada Ximena Puente de la Mora, se debe‚Ä¶ https://t.co/TV0826Xyce"
2018-03-21 18:25:01,"#Blog Cu√°ntos votos podr√≠a quitarle Margarita a¬†Anaya #PAN
https://t.co/xztKW4qBUm https://t.co/sCNBKGR41k"
2018-03-21 18:23:17,"RT @uriel_gt: BRAVOOOO @RicardoAnayaC que bien que sumaste a @JorgeGCastaneda un gran paso hacia la presidencia, VAMOS CON TODO... #PAN htt‚Ä¶"
2018-03-21 18:20:52,"RT @uriel_gt: BRAVOOOO @RicardoAnayaC que bien que sumaste a @JorgeGCastaneda un gran paso hacia la presidencia, VAMOS CON TODO... #PAN htt‚Ä¶"
2018-03-21 18:19:28,"BRAVOOOO @RicardoAnayaC que bien que sumaste a @JorgeGCastaneda un gran paso hacia la presidencia, VAMOS CON TODO..‚Ä¶ https://t.co/AZimZvIpUw"
2018-03-21 18:19:01,"Quieres deleitar a tu paladar con el mejor pan?

Vis√≠tanos y busca el mejor sabor cuando de panes se habla.

#pan‚Ä¶ https://t.co/Gc5MGbk7qz"
2018-03-21 18:17:25,"Se agradece la lectura. Va mi columna Andanzas #Ni√±aBien #GuerraSucia #PRI #PAN #Morena #AMLO #Meade #Anaya 
https://t.co/lWV4u4dZQF"
2018-03-21 18:13:32,"RT @NoticiaCongreso: #Senador @RuffoAppel #PAN considera que debe ser denegada la renuncia de la comisionada del @INAImexico, porque pone e‚Ä¶"
2018-03-21 18:13:01,RT @victtorhdez: Hoy En Medio De Los Medios: @DrRamonEnriquez beneficiario directo de las traiciones en #Morena. Las elecciones En #Dgo ser‚Ä¶
2018-03-21 18:12:51,"#Senador @RuffoAppel #PAN considera que debe ser denegada la renuncia de la comisionada del @INAImexico, porque pon‚Ä¶ https://t.co/CU1C4G4qey"
2018-03-21 18:12:07,"RT @FelipedlaCruzXV: - Nuevamente salen a la luz los lujos y excesos de Alejandra Barrales, por lo que ya no quiere que su declaraci√≥n patr‚Ä¶"
2018-03-21 18:11:34,"RT @Congresocam: #ElCongresoEsTuyo #Aprobado Se expide la Ley de Fomento, Desarrollo e Innovaci√≥n para la Estrategia ‚ÄúMarca Campeche‚Äù.

üëâüèª‚Ä¶"
2018-03-21 18:10:15,"RT @alynmon: Las #Ni√±aBien votar√°n por
#YaSabesQui√©n

#ConUnaSonrisaPodr√≠a recomendarle este video al @INEMexico porque est√© es un video #F‚Ä¶"
2018-03-21 18:10:06,Aparece VIDEO DETR√ÅS de C√ÅMARAS de #Ni√±aBien grabado en parroquia de Del. Benito Ju√°rez del #PAN. https://t.co/sCLCakD30I
2018-03-21 18:09:50,RT @JosLuisCarrillo: Uno m√°s que se suma a @RicardoAnayaC #JorgeCasta√±eda se encarga desde hoy de la Estrategia de campa√±a del #PAN @lucesd‚Ä¶
2018-03-21 18:05:18,"#ElCongresoEsTuyo #Aprobado Se expide la Ley de Fomento, Desarrollo e Innovaci√≥n para la Estrategia ‚ÄúMarca Campeche‚Ä¶ https://t.co/7dvhxVk72j"
2018-03-21 18:04:56,"RT @chemamtzmtz: Entre #LaEstafaMaestra, el #ArcadeNo√© y la #NavedelOlvido, as√≠ las cosas con el #PRI y el #PAN https://t.co/462utl5DJf"
2018-03-21 18:04:35,"RT @LibrosLibresLim: Ofrecer amistad al que pide amor es como dar pan al que muere de sed.

#Ovidio #amor #amistad #pan #clasicos https://t‚Ä¶"
2018-03-21 18:00:19,"RT @alynmon: Las #Ni√±aBien votar√°n por
#YaSabesQui√©n

#ConUnaSonrisaPodr√≠a recomendarle este video al @INEMexico porque est√© es un video #F‚Ä¶"
2018-03-21 17:58:56,"RT @alynmon: Las #Ni√±aBien votar√°n por
#YaSabesQui√©n

#ConUnaSonrisaPodr√≠a recomendarle este video al @INEMexico porque est√© es un video #F‚Ä¶"
2018-03-21 17:58:26,"Tanto anuncio de partido pol√≠tico y qu√© hay de mi!!! Iniciemos el d√≠a con humor!!!
#pri #pan‚Ä¶ https://t.co/mujjpwWD7l"
2018-03-21 17:58:14,#Senadora @Marce_Torres7 #PAN lamenta que el anuncio de que Ximena Puente va como diputada plurinominal se d√© antes‚Ä¶ https://t.co/Nh1w96oUIH
2018-03-21 17:57:11,"RT @Canainpa_Asem: LOS PANADEROS DE M√âXICO le damos la bienvenida a la #primavera2018 üå∏üåºüåπen la que por supuesto, no puede faltar #pan ü•êüçûü•ñ h‚Ä¶"
2018-03-21 17:56:04,"RT @damianzepeda: Los representantes de los partidos pol√≠ticos del @FrentePorMexico, #PAN, #PRD y #MovimientoCiudadano, denunciamos ante @A‚Ä¶"
2018-03-21 17:56:03,"RT @yeidckol: Mentiras las @damianzepeda: 

¬°El √∫nico pacto de #MORENA es con la gente! 

Los que llevan a√±os pactando para hundir al pa√≠s‚Ä¶"
2018-03-21 17:56:00,RT @BibiMonteroDR: Estos son los nombres de los diputados de las bancadas del #PRI #PAN Y Verde Ecologista #PVEM q' aprobaron en comisiones‚Ä¶
2018-03-21 17:55:09,"#As√≠LasCosasüëá
Pese a que el conflicto de ambulantes en el Centro Hist√≥rico va en aumento, el todav√≠a regidor‚Ä¶ https://t.co/vci4IfQm1H"
2018-03-21 17:53:43,@JLozanoA @RicardoAnayaC @aurelionuno @AnaLiliaHerrera @alelagunes @ASota @marianabenitezt @luismadrazol‚Ä¶ https://t.co/c6MtH7vBjT
2018-03-21 17:53:40,"RT @damianzepeda: Los representantes de los partidos pol√≠ticos del @FrentePorMexico, #PAN, #PRD y #MovimientoCiudadano, denunciamos ante @A‚Ä¶"
2018-03-21 17:52:32,"RT @diazpol: Aparece VIDEO DETR√ÅS de C√ÅMARAS de #Ni√±aBien grabado en parroquia de Del. Benito Ju√°rez del #PAN.
https://t.co/cJEw4bxDzR"
2018-03-21 17:50:12,"LOS PANADEROS DE M√âXICO le damos la bienvenida a la #primavera2018 üå∏üåºüåπen la que por supuesto, no puede faltar #pan‚Ä¶ https://t.co/TPYp14idtL"
2018-03-21 17:49:44,"RT @revista_enfila: #Encuesta GEA-ISA 
De acuerdo la medici√≥n, referida en el noticiero de @CiroGomezL 

@lopezobrador_  obtiene el 27 %

@‚Ä¶"
2018-03-21 17:49:26,"Elecciones #Mexico 2018. .  . RaymundoRivaPalacio, Anatom√≠a de la ""Ni√±a Bien""....#PRI #PAN #PRD #Morena...  https://t.co/lHVG1jFVE5"
2018-03-21 17:49:21,Vendo #Pan #Pan https://t.co/WtAFwLVjzx
2018-03-21 17:49:18,"RT @yeidckol: Mentiras las @damianzepeda: 

¬°El √∫nico pacto de #MORENA es con la gente! 

Los que llevan a√±os pactando para hundir al pa√≠s‚Ä¶"
2018-03-21 17:49:05,"RT @yeidckol: Mentiras las @damianzepeda: 

¬°El √∫nico pacto de #MORENA es con la gente! 

Los que llevan a√±os pactando para hundir al pa√≠s‚Ä¶"
2018-03-21 17:49:00,"RT @diazpol: Aparece VIDEO DETR√ÅS de C√ÅMARAS de #Ni√±aBien grabado en parroquia de Del. Benito Ju√°rez del #PAN.
https://t.co/cJEw4bxDzR"
2018-03-21 17:46:56,"RT @gre_solis: Estamos en el Encuentro de Secretarios de Vinculacion con la Sociedad del pa√≠s, prepar√°ndonos para seguir con el acercamient‚Ä¶"
2018-03-21 17:44:39,Ya se respira ambiente electoral en #Mexicali ya algunos candidatos a diputados empiezan sus verbenas.. #PRI‚Ä¶ https://t.co/qFkaO4lzsf
2018-03-21 17:44:00,"RT @alynmon: Las #Ni√±aBien votar√°n por
#YaSabesQui√©n

#ConUnaSonrisaPodr√≠a recomendarle este video al @INEMexico porque est√© es un video #F‚Ä¶"
2018-03-21 17:43:38,"RT @alynmon: Las #Ni√±aBien votar√°n por
#YaSabesQui√©n

#ConUnaSonrisaPodr√≠a recomendarle este video al @INEMexico porque est√© es un video #F‚Ä¶"
2018-03-21 17:41:48,"RT @FelipedlaCruzXV: - Nuevamente salen a la luz los lujos y excesos de Alejandra Barrales, por lo que ya no quiere que su declaraci√≥n patr‚Ä¶"
2018-03-21 17:40:49,RT @R2D2YC3PIO: @El_Universal_Mx @Mzavalagc @EPN @FelipeCalderon Los de #morena piensan que hay pacto con el #PRI y #PAN los del #frente #P‚Ä¶
2018-03-21 17:40:15,RT @gourmetjournal: üçû ¬øAporta tantas calor√≠as c√≥mo se piensa?¬øLa corteza contiene menos calor√≠as que la miga? ¬°Mitos y verdades sobre el #p‚Ä¶
2018-03-21 17:39:01,RT @FadlalaAkabani: La noche de ayer @LaTanquetaTV record√≥ el ejercicio de desinformaci√≥n de @STaboadaMx en torno al problema de #agua en l‚Ä¶
2018-03-21 17:39:00,RT @yankuikmx_: Se registra @FelipeCantuR en la @ceenlmx como candidato a alcalde de #Monterrey por el @PANNLMX . @MtyFollow @AsiEsMonterre‚Ä¶
2018-03-21 17:37:48,"RT @alynmon: Las #Ni√±aBien votar√°n por
#YaSabesQui√©n

#ConUnaSonrisaPodr√≠a recomendarle este video al @INEMexico porque est√© es un video #F‚Ä¶"
2018-03-21 17:34:31,Uno m√°s que se suma a @RicardoAnayaC #JorgeCasta√±eda se encarga desde hoy de la Estrategia de campa√±a del #PAN‚Ä¶ https://t.co/7Yu7PVyQXy
2018-03-21 17:31:46,"RT @alynmon: Las #Ni√±aBien votar√°n por
#YaSabesQui√©n

#ConUnaSonrisaPodr√≠a recomendarle este video al @INEMexico porque est√© es un video #F‚Ä¶"
2018-03-21 17:31:36,"RT @revista_enfila: #Encuesta GEA-ISA 
De acuerdo la medici√≥n, referida en el noticiero de @CiroGomezL 

@lopezobrador_  obtiene el 27 %

@‚Ä¶"
2018-03-21 17:29:52,Venga por su #pan a #paladaresvagabundos  !!! #focaccia #panhamburguesa #saborizados #meriendasaludable #caballito
2018-03-21 17:26:55,"RT @alynmon: Las #Ni√±aBien votar√°n por
#YaSabesQui√©n

#ConUnaSonrisaPodr√≠a recomendarle este video al @INEMexico porque est√© es un video #F‚Ä¶"
2018-03-21 17:24:02,"@JoseAMeadeK #YoMero te digo que eres el mejor, para la derrota del r√©gimen caduco del #PRI y toda su corrupci√≥n ju‚Ä¶ https://t.co/RycWTDT3QP"
2018-03-21 17:22:27,"RT @alynmon: Las #Ni√±aBien votar√°n por
#YaSabesQui√©n

#ConUnaSonrisaPodr√≠a recomendarle este video al @INEMexico porque est√© es un video #F‚Ä¶"
2018-03-21 17:21:49,RT @gourmetjournal: üçû ¬øAporta tantas calor√≠as c√≥mo se piensa?¬øLa corteza contiene menos calor√≠as que la miga? ¬°Mitos y verdades sobre el #p‚Ä¶
2018-03-21 17:21:35,RT @gourmetjournal: üçû ¬øAporta tantas calor√≠as c√≥mo se piensa?¬øLa corteza contiene menos calor√≠as que la miga? ¬°Mitos y verdades sobre el #p‚Ä¶
2018-03-21 17:20:42,"RT @FelipedlaCruzXV: - Nuevamente salen a la luz los lujos y excesos de Alejandra Barrales, por lo que ya no quiere que su declaraci√≥n patr‚Ä¶"
2018-03-21 17:20:37,@politicomx @ManceraMiguelMX @LeonardoCurzio @mariocampos @carolina_rocha_ @monicagarzag @jrisco @MLopezSanMartin‚Ä¶ https://t.co/4CzlvWXElc
2018-03-21 17:19:56,RT @R2D2YC3PIO: @El_Universal_Mx @Mzavalagc @EPN @FelipeCalderon Los de #morena piensan que hay pacto con el #PRI y #PAN los del #frente #P‚Ä¶
2018-03-21 17:19:04,RT @gourmetjournal: üçû ¬øAporta tantas calor√≠as c√≥mo se piensa?¬øLa corteza contiene menos calor√≠as que la miga? ¬°Mitos y verdades sobre el #p‚Ä¶
2018-03-21 17:18:47,"RT @esteisi789: Amigos y Amigas, ella es Maria Guadalupe Rodriguez Gaona, mejor conocida como Marilu, candidata a la Presidencia Municipal‚Ä¶"
2018-03-21 17:18:46,"RT @alynmon: Las #Ni√±aBien votar√°n por
#YaSabesQui√©n

#ConUnaSonrisaPodr√≠a recomendarle este video al @INEMexico porque est√© es un video #F‚Ä¶"
2018-03-21 17:18:29,"RT @alynmon: Las #Ni√±aBien votar√°n por
#YaSabesQui√©n

#ConUnaSonrisaPodr√≠a recomendarle este video al @INEMexico porque est√© es un video #F‚Ä¶"
2018-03-21 17:16:57,"RT @PaolaNorman: Las hermanas Casso De Luna hacen #pan a la le√±a desde hace 40 a√±os. Esta es una semita, el pan tradicional de #Bustamante‚Ä¶"
2018-03-21 17:16:30,"RT @FelipedlaCruzXV: - Nuevamente salen a la luz los lujos y excesos de Alejandra Barrales, por lo que ya no quiere que su declaraci√≥n patr‚Ä¶"
2018-03-21 17:13:34,üçû ¬øAporta tantas calor√≠as c√≥mo se piensa?¬øLa corteza contiene menos calor√≠as que la miga? ¬°Mitos y verdades sobre e‚Ä¶ https://t.co/nne0The8Jj
2018-03-21 17:12:31,"RT @esteisi789: Amigos y Amigas, ella es Maria Guadalupe Rodriguez Gaona, mejor conocida como Marilu, candidata a la Presidencia Municipal‚Ä¶"
2018-03-21 17:12:05,"Amigos y Amigas, ella es Maria Guadalupe Rodriguez Gaona, mejor conocida como Marilu, candidata a la Presidencia Mu‚Ä¶ https://t.co/JhxTvfhwmC"
2018-03-21 17:11:35,"RT @FelipedlaCruzXV: - Nuevamente salen a la luz los lujos y excesos de Alejandra Barrales, por lo que ya no quiere que su declaraci√≥n patr‚Ä¶"
2018-03-21 17:10:07,"RT @lasillarota: #Elecciones2018 Aprueban coalici√≥n entre #PRD, #PAN y #MC en #Edomex para la elecci√≥n de diputados locales y alcald√≠as htt‚Ä¶"
2018-03-21 17:09:21,"RT @FelipedlaCruzXV: - Nuevamente salen a la luz los lujos y excesos de Alejandra Barrales, por lo que ya no quiere que su declaraci√≥n patr‚Ä¶"
2018-03-21 17:08:48,"#Elecciones2018 Aprueban coalici√≥n entre #PRD, #PAN y #MC en #Edomex para la elecci√≥n de diputados locales y alcald‚Ä¶ https://t.co/ZnjOfN5VbP"
2018-03-21 17:08:45,"Los homicidios se disparan en el primer bimestre de 2018, y es ya el peor en 2 d√©cadas ... - https://t.co/VnDLQ1wH8R #PAN"
2018-03-21 17:08:44,Nunca me aprovech√© del cargo: Mancera - https://t.co/97Fn7eBCE1 #PAN
2018-03-21 17:06:28,"RT @LilithVampirizR: #400_abogados defender√°n el voto para #MORENA. ¬°El #PRI y #PAN tiemblan!
M–ærena present√≥ su equip–æ de m√°s de 400 ab–æga‚Ä¶"
2018-03-21 17:05:56,"RT @alynmon: Las #Ni√±aBien votar√°n por
#YaSabesQui√©n

#ConUnaSonrisaPodr√≠a recomendarle este video al @INEMexico porque est√© es un video #F‚Ä¶"
2018-03-21 17:05:07,"@Ale_BarralesM:  en la negociaci√≥n con el #PAN nunca traicionamos a @ManceraMiguelMX 
https://t.co/1VKwcaVDPp https://t.co/6riIVYyQMe"
2018-03-21 17:03:13,RT @FadlalaAkabani: La noche de ayer @LaTanquetaTV record√≥ el ejercicio de desinformaci√≥n de @STaboadaMx en torno al problema de #agua en l‚Ä¶
2018-03-21 16:59:36,"RT @alynmon: Las #Ni√±aBien votar√°n por
#YaSabesQui√©n

#ConUnaSonrisaPodr√≠a recomendarle este video al @INEMexico porque est√© es un video #F‚Ä¶"
2018-03-21 16:57:46,"#CDE del #PAN pedir√≠a al #PSI reconsidere candidatura del hermano de ‚Äú#ElTo√±√≠n‚Äù
https://t.co/i4E4oYLzpV https://t.co/klRx3AekXi"
2018-03-21 16:54:06,"Por la Junta especial #35 de la federal de conciliaci√≥n y arbitraje, con sede en #Culiac√°n #Sinaloa, no pas√≥ ""el pr‚Ä¶ https://t.co/8rK2ndReef"
2018-03-21 16:53:33,RT @revista_enfila: Aprobadas las candidaturas del #PAN a diputados federales de Mayor√≠a en el #Edomex https://t.co/ElA7ubZxFm
2018-03-21 16:51:31,"RT @alynmon: Las #Ni√±aBien votar√°n por
#YaSabesQui√©n

#ConUnaSonrisaPodr√≠a recomendarle este video al @INEMexico porque est√© es un video #F‚Ä¶"
2018-03-21 16:49:55,"RT @alynmon: Las #Ni√±aBien votar√°n por
#YaSabesQui√©n

#ConUnaSonrisaPodr√≠a recomendarle este video al @INEMexico porque est√© es un video #F‚Ä¶"
2018-03-21 16:49:18,"RT @revista_enfila: #Encuesta GEA-ISA 
De acuerdo la medici√≥n, referida en el noticiero de @CiroGomezL 

@lopezobrador_  obtiene el 27 %

@‚Ä¶"
2018-03-21 16:49:08,"#OtrosMedios Escribe Ferm√≠n Alejandro Garc√≠a  ""Masiva y silenciosa deserci√≥n de priistas a #Morena y al #PAN""‚Ä¶ https://t.co/oal7FBTopl"
2018-03-21 16:49:00,RT @revista_enfila: Aprobadas las candidaturas del #PAN a diputados federales de Mayor√≠a en el #Edomex https://t.co/ElA7ubZxFm
2018-03-21 16:48:45,"RT @alynmon: Las #Ni√±aBien votar√°n por
#YaSabesQui√©n

#ConUnaSonrisaPodr√≠a recomendarle este video al @INEMexico porque est√© es un video #F‚Ä¶"
2018-03-21 16:48:44,@EvaTeranG @Letras_Libres @EnriqueKrauze Aclarado el punto. Te digo que es tal el hartazgo social de los gobiernos‚Ä¶ https://t.co/9EqQy9beZA
2018-03-21 16:48:42,"RT @alynmon: Las #Ni√±aBien votar√°n por
#YaSabesQui√©n

#ConUnaSonrisaPodr√≠a recomendarle este video al @INEMexico porque est√© es un video #F‚Ä¶"
2018-03-21 16:47:58,"RT @YancuicAgencia: üì∞#Pol√≠tica | Cambridge Analytica vino a M√©xico y ofreci√≥ sus servicios al #PRI y el #PAN 
https://t.co/owuxShjbjs https‚Ä¶"
2018-03-21 16:47:14,#porsiteloperdiste Sandwich a las finas hierbas con salm√≥n y ques https://t.co/TuO7HJV0DZ #pan #queso #salmonahumado #salvadodeavena #yogur
2018-03-21 16:46:11,@INEMexico #planD errota #prian : despues de inflar el @INEMexico a los #independientes ahora es tomar esos datos y‚Ä¶ https://t.co/H8tMaxX8iP
2018-03-21 16:42:02,"RT @alynmon: Las #Ni√±aBien votar√°n por
#YaSabesQui√©n

#ConUnaSonrisaPodr√≠a recomendarle este video al @INEMexico porque est√© es un video #F‚Ä¶"
2018-03-21 16:40:02,"RT @alynmon: Las #Ni√±aBien votar√°n por
#YaSabesQui√©n

#ConUnaSonrisaPodr√≠a recomendarle este video al @INEMexico porque est√© es un video #F‚Ä¶"
2018-03-21 16:37:28,RT @Pancadadia: Refr√°n...¬øTe gusta el #pan con #queso y #uva? #FelizMi√©rcoles üçûüçáüßÄ https://t.co/MPUt15A4QH
2018-03-21 16:37:06,Aprobadas las candidaturas del #PAN a diputados federales de Mayor√≠a en el #Edomex https://t.co/ElA7ubZxFm
2018-03-21 16:36:58,"RT @alynmon: Las #Ni√±aBien votar√°n por
#YaSabesQui√©n

#ConUnaSonrisaPodr√≠a recomendarle este video al @INEMexico porque est√© es un video #F‚Ä¶"
2018-03-21 16:30:38,"RT @MarkoCortes: M√°s claro ni el agua, @RicardoAnayaC del #PAN, es el √∫nico que puede ganarle @lopezobrador_  de #Morena. ‚úåüèª https://t.co/J‚Ä¶"
2018-03-21 16:30:24,"RT @alynmon: Las #Ni√±aBien votar√°n por
#YaSabesQui√©n

#ConUnaSonrisaPodr√≠a recomendarle este video al @INEMexico porque est√© es un video #F‚Ä¶"
2018-03-21 16:30:13,Refr√°n...¬øTe gusta el #pan con #queso y #uva? #FelizMi√©rcoles üçûüçáüßÄ https://t.co/MPUt15A4QH
2018-03-21 16:28:51,"RT @alynmon: Las #Ni√±aBien votar√°n por
#YaSabesQui√©n

#ConUnaSonrisaPodr√≠a recomendarle este video al @INEMexico porque est√© es un video #F‚Ä¶"
2018-03-21 16:27:17,RT @FadlalaAkabani: La noche de ayer @LaTanquetaTV record√≥ el ejercicio de desinformaci√≥n de @STaboadaMx en torno al problema de #agua en l‚Ä¶
2018-03-21 16:26:48,"RT @Jorge_Sotomayor: ¬øC√≥mo ven al ‚Äúl√≠der‚Äù juvenil del #PAN? 

¬øIgnorante, fr√≠volo, rid√≠culo o comediante fracasado? https://t.co/GSQE5WIbUF"
2018-03-21 16:24:05,"RT @alynmon: Las #Ni√±aBien votar√°n por
#YaSabesQui√©n

#ConUnaSonrisaPodr√≠a recomendarle este video al @INEMexico porque est√© es un video #F‚Ä¶"
2018-03-21 16:23:59,"RT @alynmon: Las #Ni√±aBien votar√°n por
#YaSabesQui√©n

#ConUnaSonrisaPodr√≠a recomendarle este video al @INEMexico porque est√© es un video #F‚Ä¶"
2018-03-21 16:23:13,"RT @alynmon: Las #Ni√±aBien votar√°n por
#YaSabesQui√©n

#ConUnaSonrisaPodr√≠a recomendarle este video al @INEMexico porque est√© es un video #F‚Ä¶"
2018-03-21 16:22:06,"RT @alynmon: Las #Ni√±aBien votar√°n por
#YaSabesQui√©n

#ConUnaSonrisaPodr√≠a recomendarle este video al @INEMexico porque est√© es un video #F‚Ä¶"
2018-03-21 16:21:51,RT @FadlalaAkabani: La noche de ayer @LaTanquetaTV record√≥ el ejercicio de desinformaci√≥n de @STaboadaMx en torno al problema de #agua en l‚Ä¶
2018-03-21 16:20:34,"RT @alynmon: Las #Ni√±aBien votar√°n por
#YaSabesQui√©n

#ConUnaSonrisaPodr√≠a recomendarle este video al @INEMexico porque est√© es un video #F‚Ä¶"
2018-03-21 16:19:23,"RT @alynmon: Las #Ni√±aBien votar√°n por
#YaSabesQui√©n

#ConUnaSonrisaPodr√≠a recomendarle este video al @INEMexico porque est√© es un video #F‚Ä¶"
2018-03-21 16:18:36,"RT @alynmon: Las #Ni√±aBien votar√°n por
#YaSabesQui√©n

#ConUnaSonrisaPodr√≠a recomendarle este video al @INEMexico porque est√© es un video #F‚Ä¶"
2018-03-21 16:16:57,"RT @alynmon: Las #Ni√±aBien votar√°n por
#YaSabesQui√©n

#ConUnaSonrisaPodr√≠a recomendarle este video al @INEMexico porque est√© es un video #F‚Ä¶"
2018-03-21 16:15:06,"#Blog ¬øLes dejar√°n el partido a los anayistas? #PAN
https://t.co/JsBTtmQ4rc https://t.co/43gG7MZUUf"
2018-03-21 16:13:52,"RT @revista_enfila: #Encuesta GEA-ISA 
De acuerdo la medici√≥n, referida en el noticiero de @CiroGomezL 

@lopezobrador_  obtiene el 27 %

@‚Ä¶"
2018-03-21 16:13:28,RT @R2D2YC3PIO: @El_Universal_Mx @Mzavalagc @EPN @FelipeCalderon Los de #morena piensan que hay pacto con el #PRI y #PAN los del #frente #P‚Ä¶
2018-03-21 16:13:08,Quieren que Zavala decline por Anaya - https://t.co/cK2CGkj3YL #PAN
2018-03-21 16:12:19,RT @R2D2YC3PIO: @El_Universal_Mx @Mzavalagc @EPN @FelipeCalderon Los de #morena piensan que hay pacto con el #PRI y #PAN los del #frente #P‚Ä¶
2018-03-21 16:11:19,"Y en otras Noticias... @RicardoAnayaC y sus secuaces del #PAN , borrando mis comentarios de @facebook , por que los‚Ä¶ https://t.co/Jpr1cPb56M"
2018-03-21 16:10:50,"RT @revista_enfila: #Encuesta GEA-ISA 
De acuerdo la medici√≥n, referida en el noticiero de @CiroGomezL 

@lopezobrador_  obtiene el 27 %

@‚Ä¶"
2018-03-21 16:10:27,"RT @yeidckol: Mentiras las @damianzepeda: 

¬°El √∫nico pacto de #MORENA es con la gente! 

Los que llevan a√±os pactando para hundir al pa√≠s‚Ä¶"
2018-03-21 16:10:23,RT @R2D2YC3PIO: @El_Universal_Mx @Mzavalagc @EPN @FelipeCalderon Los de #morena piensan que hay pacto con el #PRI y #PAN los del #frente #P‚Ä¶
2018-03-21 16:09:34,"RT @alynmon: Las #Ni√±aBien votar√°n por
#YaSabesQui√©n

#ConUnaSonrisaPodr√≠a recomendarle este video al @INEMexico porque est√© es un video #F‚Ä¶"
2018-03-21 16:09:08,RT @R2D2YC3PIO: @El_Universal_Mx @Mzavalagc @EPN @FelipeCalderon Los de #morena piensan que hay pacto con el #PRI y #PAN los del #frente #P‚Ä¶
2018-03-21 16:07:03,"RT @alynmon: Las #Ni√±aBien votar√°n por
#YaSabesQui√©n

#ConUnaSonrisaPodr√≠a recomendarle este video al @INEMexico porque est√© es un video #F‚Ä¶"
2018-03-21 16:06:01,"RT @MarkoCortes: M√°s claro ni el agua, @RicardoAnayaC del #PAN, es el √∫nico que puede ganarle @lopezobrador_  de #Morena. ‚úåüèª https://t.co/J‚Ä¶"
2018-03-21 16:05:34,@El_Universal_Mx @Mzavalagc @EPN @FelipeCalderon Los de #morena piensan que hay pacto con el #PRI y #PAN los del‚Ä¶ https://t.co/qAZzaO5f5d
2018-03-21 16:03:26,"RT @ContrastesP: #AlMomento
Anuncia @JesusGilesC nombramiento de @paco_fraile como vocero del #PAN durante este proceso electoral.
V√≠a @Isa‚Ä¶"
2018-03-21 16:01:27,"RT @alynmon: Las #Ni√±aBien votar√°n por
#YaSabesQui√©n

#ConUnaSonrisaPodr√≠a recomendarle este video al @INEMexico porque est√© es un video #F‚Ä¶"
2018-03-21 15:58:26,"RT @Jorge_Sotomayor: ¬øC√≥mo ven al ‚Äúl√≠der‚Äù juvenil del #PAN? 

¬øIgnorante, fr√≠volo, rid√≠culo o comediante fracasado? https://t.co/GSQE5WIbUF"
2018-03-21 15:58:15,RT @victtorhdez: Hoy En Medio De Los Medios: @DrRamonEnriquez beneficiario directo de las traiciones en #Morena. Las elecciones En #Dgo ser‚Ä¶
2018-03-21 15:56:09,"RT @alynmon: Las #Ni√±aBien votar√°n por
#YaSabesQui√©n

#ConUnaSonrisaPodr√≠a recomendarle este video al @INEMexico porque est√© es un video #F‚Ä¶"
2018-03-21 15:55:31,Con el equipo de trabajo preparando los √∫ltimos detalles para la Sesi√≥n Ordinaria del d√≠a de hoy #Coahuila‚Ä¶ https://t.co/osoCq4vKjg
2018-03-21 15:55:30,Y ahora ¬øqu√© sigue?: @TEPJF_informa invalida #coalici√≥n #PAN-#PRD en #Guanajuato y dan plazo de cinco d√≠as https://t.co/4OAGRFpfRc
2018-03-21 15:55:13,"RT @yeidckol: Mentiras las @damianzepeda: 

¬°El √∫nico pacto de #MORENA es con la gente! 

Los que llevan a√±os pactando para hundir al pa√≠s‚Ä¶"
2018-03-21 15:52:37,"RT @Jorge_Sotomayor: ¬øC√≥mo ven al ‚Äúl√≠der‚Äù juvenil del #PAN? 

¬øIgnorante, fr√≠volo, rid√≠culo o comediante fracasado? https://t.co/GSQE5WIbUF"
2018-03-21 15:52:35,"RT @Jorge_Sotomayor: ¬øC√≥mo ven al ‚Äúl√≠der‚Äù juvenil del #PAN? 

¬øIgnorante, fr√≠volo, rid√≠culo o comediante fracasado? https://t.co/GSQE5WIbUF"
2018-03-21 15:51:55,"RT @Jorge_Sotomayor: ¬øC√≥mo ven al ‚Äúl√≠der‚Äù juvenil del #PAN? 

¬øIgnorante, fr√≠volo, rid√≠culo o comediante fracasado? https://t.co/GSQE5WIbUF"
2018-03-21 15:50:41,"¬øC√≥mo ven al ‚Äúl√≠der‚Äù juvenil del #PAN? 

¬øIgnorante, fr√≠volo, rid√≠culo o comediante fracasado? https://t.co/GSQE5WIbUF"
2018-03-21 15:50:08,"RT @alynmon: Las #Ni√±aBien votar√°n por
#YaSabesQui√©n

#ConUnaSonrisaPodr√≠a recomendarle este video al @INEMexico porque est√© es un video #F‚Ä¶"
2018-03-21 15:49:04,"RT @MarkoCortes: M√°s claro ni el agua, @RicardoAnayaC del #PAN, es el √∫nico que puede ganarle @lopezobrador_  de #Morena. ‚úåüèª https://t.co/J‚Ä¶"
2018-03-21 15:48:32,"RT @revista_enfila: #Encuesta GEA-ISA 
De acuerdo la medici√≥n, referida en el noticiero de @CiroGomezL 

@lopezobrador_  obtiene el 27 %

@‚Ä¶"
2018-03-21 15:48:28,"RT @revista_enfila: #Encuesta GEA-ISA 
De acuerdo la medici√≥n, referida en el noticiero de @CiroGomezL 

@lopezobrador_  obtiene el 27 %

@‚Ä¶"
2018-03-21 15:47:12,"RT @24hpue: El #PAN se deslind√≥ de la decisi√≥n del Pacto Social de Integraci√≥n #PSI de postular a Jos√© Alejandro Mart√≠nez Fuentes, hermano‚Ä¶"
2018-03-21 15:46:59,"RT @yeidckol: Mentiras las @damianzepeda: 

¬°El √∫nico pacto de #MORENA es con la gente! 

Los que llevan a√±os pactando para hundir al pa√≠s‚Ä¶"
2018-03-21 15:46:56,"RT @alynmon: Las #Ni√±aBien votar√°n por
#YaSabesQui√©n

#ConUnaSonrisaPodr√≠a recomendarle este video al @INEMexico porque est√© es un video #F‚Ä¶"
2018-03-21 15:46:50,RT @multitud66: as√≠ o mas claro las falsedades del #PAN CHECA EL V√çDEO bhttps://youtu.be/dlsybqCXziU https://t.co/dMYnLWzMlU
2018-03-21 15:46:38,"RT @alynmon: Las #Ni√±aBien votar√°n por
#YaSabesQui√©n

#ConUnaSonrisaPodr√≠a recomendarle este video al @INEMexico porque est√© es un video #F‚Ä¶"
2018-03-21 15:45:52,"RT @damianzepeda: Los representantes de los partidos pol√≠ticos del @FrentePorMexico, #PAN, #PRD y #MovimientoCiudadano, denunciamos ante @A‚Ä¶"
2018-03-21 15:42:31,"RT @alynmon: Las #Ni√±aBien votar√°n por
#YaSabesQui√©n

#ConUnaSonrisaPodr√≠a recomendarle este video al @INEMexico porque est√© es un video #F‚Ä¶"
2018-03-21 15:41:02,"RT @alynmon: Las #Ni√±aBien votar√°n por
#YaSabesQui√©n

#ConUnaSonrisaPodr√≠a recomendarle este video al @INEMexico porque est√© es un video #F‚Ä¶"
2018-03-21 15:40:18,"RT @alynmon: Las #Ni√±aBien votar√°n por
#YaSabesQui√©n

#ConUnaSonrisaPodr√≠a recomendarle este video al @INEMexico porque est√© es un video #F‚Ä¶"
2018-03-21 15:37:35,"RT @alynmon: Las #Ni√±aBien votar√°n por
#YaSabesQui√©n

#ConUnaSonrisaPodr√≠a recomendarle este video al @INEMexico porque est√© es un video #F‚Ä¶"
2018-03-21 15:35:06,"Diferentes tipos de #pan , todos deliciosos #EatGoodFeelGood #BenittosPV #PuertoVallarta https://t.co/UvLUTkkz9V"
2018-03-21 15:35:05,"RT @alynmon: Las #Ni√±aBien votar√°n por
#YaSabesQui√©n

#ConUnaSonrisaPodr√≠a recomendarle este video al @INEMexico porque est√© es un video #F‚Ä¶"
2018-03-21 15:34:15,"Mauricio Vila, Ren√°n Barrera y dem√°s candidtos panistas rinden protesta este mi√©rcoles ante dirigentes y militantes‚Ä¶ https://t.co/P8qEa8RHry"
2018-03-21 15:33:01,"RT @alynmon: Las #Ni√±aBien votar√°n por
#YaSabesQui√©n

#ConUnaSonrisaPodr√≠a recomendarle este video al @INEMexico porque est√© es un video #F‚Ä¶"
2018-03-21 15:31:15,"RT @yeidckol: Mentiras las @damianzepeda: 

¬°El √∫nico pacto de #MORENA es con la gente! 

Los que llevan a√±os pactando para hundir al pa√≠s‚Ä¶"
2018-03-21 15:30:07,"#Blog La batalla Zavala vs¬†Anaya #PAN #Elecciones2018
https://t.co/34odNpUS2w https://t.co/8shsCXvrIF"
2018-03-21 15:24:40,"RT @alynmon: Las #Ni√±aBien votar√°n por
#YaSabesQui√©n

#ConUnaSonrisaPodr√≠a recomendarle este video al @INEMexico porque est√© es un video #F‚Ä¶"
2018-03-21 15:24:29,"#Encuesta GEA-ISA 
De acuerdo la medici√≥n, referida en el noticiero de @CiroGomezL 

@lopezobrador_  obtiene el 27‚Ä¶ https://t.co/bPHgbHW7Ux"
2018-03-21 15:22:33,RT @oneamexico: Al 41% de los trabajadores mexicanos no les alcanza su salario para comprar la canasta b√°sica. El #PRI gobierna el 50% de l‚Ä¶
2018-03-21 15:19:34,RT @BibiMonteroDR: Estos son los nombres de los diputados de las bancadas del #PRI #PAN Y Verde Ecologista #PVEM q' aprobaron en comisiones‚Ä¶
2018-03-21 15:19:00,"RT @PhantoVenom: Debates y Valent√≠a
El #PRI y el #PAN van Envalentonados contra #LopezObrador; Pero eso No es Igual a ser Valiente e Inteli‚Ä¶"
2018-03-21 15:18:44,EQUILIBRIOS / ROSA ¬°LA INCAUTA! https://t.co/i43QVwhyAf #Elecciones2018 #Morena #BajaCaliforniaSur #PAN #PRI
2018-03-21 15:16:50,"RT @alynmon: Las #Ni√±aBien votar√°n por
#YaSabesQui√©n

#ConUnaSonrisaPodr√≠a recomendarle este video al @INEMexico porque est√© es un video #F‚Ä¶"
2018-03-21 15:16:35,¬°Diario Lo Nuestro est√° disponible! https://t.co/sx6xJCOSC6 Gracias a @GrupoNoveCocina @ndp_actualidad @Nlerchundi #pan #empresas
2018-03-21 15:15:18,"RT @revista_enfila: Tiene toda la raz√≥n el Alcalde üëá

‚ÄúA @Mzavalagc s√≥lo la apoyan los calderonistas de caf√©‚Äù; @memovegamx 
#PAN #Quer√©taro‚Ä¶"
2018-03-21 15:14:48,"RT @alynmon: Las #Ni√±aBien votar√°n por
#YaSabesQui√©n

#ConUnaSonrisaPodr√≠a recomendarle este video al @INEMexico porque est√© es un video #F‚Ä¶"
2018-03-21 15:10:40,RT @mario_delgado1: El #PRI y el #PAN son lo mismo y as√≠ lo han demostrado en temas como el #gasolinazo y la fallida estrategia de segurida‚Ä¶
2018-03-21 15:08:56,"RT @yeidckol: Mentiras las @damianzepeda: 

¬°El √∫nico pacto de #MORENA es con la gente! 

Los que llevan a√±os pactando para hundir al pa√≠s‚Ä¶"
2018-03-21 15:07:31,"RT @alynmon: Las #Ni√±aBien votar√°n por
#YaSabesQui√©n

#ConUnaSonrisaPodr√≠a recomendarle este video al @INEMexico porque est√© es un video #F‚Ä¶"
2018-03-21 15:06:59,"RT @yeidckol: Mentiras las @damianzepeda: 

¬°El √∫nico pacto de #MORENA es con la gente! 

Los que llevan a√±os pactando para hundir al pa√≠s‚Ä¶"
2018-03-21 15:06:29,"RT @alynmon: Las #Ni√±aBien votar√°n por
#YaSabesQui√©n

#ConUnaSonrisaPodr√≠a recomendarle este video al @INEMexico porque est√© es un video #F‚Ä¶"
2018-03-21 15:04:35,"RT @alynmon: Las #Ni√±aBien votar√°n por
#YaSabesQui√©n

#ConUnaSonrisaPodr√≠a recomendarle este video al @INEMexico porque est√© es un video #F‚Ä¶"
2018-03-21 15:03:39,"RT @conelmorrofino: ¬øC√≥mo deber√≠a ser el buen pan? ‚ÄúDebe tener un sabor c√°lido, con aromas a cereal tostado, un punto de dulzor en la corte‚Ä¶"
2018-03-21 15:03:37,"RT @alynmon: Las #Ni√±aBien votar√°n por
#YaSabesQui√©n

#ConUnaSonrisaPodr√≠a recomendarle este video al @INEMexico porque est√© es un video #F‚Ä¶"
2018-03-21 15:03:35,Buscan modificar legislaci√≥n de los profesionistas - https://t.co/wpqITLPFwa #PAN
2018-03-21 15:03:14,"RT @alynmon: Las #Ni√±aBien votar√°n por
#YaSabesQui√©n

#ConUnaSonrisaPodr√≠a recomendarle este video al @INEMexico porque est√© es un video #F‚Ä¶"
2018-03-21 15:02:17,"RT @yeidckol: Mentiras las @damianzepeda: 

¬°El √∫nico pacto de #MORENA es con la gente! 

Los que llevan a√±os pactando para hundir al pa√≠s‚Ä¶"
2018-03-21 15:02:01,"Pagar√≥n a la iglesia San Sebasti√°n Xoco la cantidad de $15,000 mil pesos por la renta de esta, as√≠ lo aseguro la ar‚Ä¶ https://t.co/2SVL1DtjJw"
2018-03-21 15:00:23,"RT @alynmon: Las #Ni√±aBien votar√°n por
#YaSabesQui√©n

#ConUnaSonrisaPodr√≠a recomendarle este video al @INEMexico porque est√© es un video #F‚Ä¶"
2018-03-21 15:00:18,"RT @alynmon: Las #Ni√±aBien votar√°n por
#YaSabesQui√©n

#ConUnaSonrisaPodr√≠a recomendarle este video al @INEMexico porque est√© es un video #F‚Ä¶"
2018-03-21 14:57:32,"RT @alynmon: Las #Ni√±aBien votar√°n por
#YaSabesQui√©n

#ConUnaSonrisaPodr√≠a recomendarle este video al @INEMexico porque est√© es un video #F‚Ä¶"
2018-03-21 14:57:00,"RT @TragaluzenTV: #AHORA / EN ESTE MOMENTO 

#Tragaluz con Germ√°n Mart√≠nez C√°zares Ex presidente del #PAN 

@Milenio  https://t.co/djWAbZOL‚Ä¶"
2018-03-21 14:55:14,"@ExpansionMx @EPN Me encanta c√≥mo se quejan del #PRI y del #PAN... Como si todos los dem√°s partidos fueran ""la espe‚Ä¶ https://t.co/LkPjopYb4I"
2018-03-21 14:54:24,RT @oneamexico: Al 41% de los trabajadores mexicanos no les alcanza su salario para comprar la canasta b√°sica. El #PRI gobierna el 50% de l‚Ä¶
2018-03-21 14:52:43,"RT @alynmon: Las #Ni√±aBien votar√°n por
#YaSabesQui√©n

#ConUnaSonrisaPodr√≠a recomendarle este video al @INEMexico porque est√© es un video #F‚Ä¶"
2018-03-21 14:51:37,RT @BibiMonteroDR: Estos son los nombres de los diputados de las bancadas del #PRI #PAN Y Verde Ecologista #PVEM q' aprobaron en comisiones‚Ä¶
2018-03-21 14:51:22,RT @oneamexico: Al 41% de los trabajadores mexicanos no les alcanza su salario para comprar la canasta b√°sica. El #PRI gobierna el 50% de l‚Ä¶
2018-03-21 14:51:06,"RT @alynmon: Las #Ni√±aBien votar√°n por
#YaSabesQui√©n

#ConUnaSonrisaPodr√≠a recomendarle este video al @INEMexico porque est√© es un video #F‚Ä¶"
2018-03-21 14:50:55,"RT @FelipedlaCruzXV: - Nuevamente salen a la luz los lujos y excesos de Alejandra Barrales, por lo que ya no quiere que su declaraci√≥n patr‚Ä¶"
2018-03-21 14:50:45,@Milenio Hay mucho miedo de muchos y esque parece inminente la victoria de #AMLO M√°s miedo deber√≠a darles seguir co‚Ä¶ https://t.co/B5stDeDKjv
2018-03-21 14:50:00,"La honestidad, la condici√≥n para que militantes del #PRD, #PRI y #PAN se unan a #Morena asegur√≥ Claudia Sheinbaum (‚Ä¶ https://t.co/4bHQEiAWHi"
2018-03-21 14:49:15,"RT @alynmon: Las #Ni√±aBien votar√°n por
#YaSabesQui√©n

#ConUnaSonrisaPodr√≠a recomendarle este video al @INEMexico porque est√© es un video #F‚Ä¶"
2018-03-21 14:47:50,"RT @alynmon: Las #Ni√±aBien votar√°n por
#YaSabesQui√©n

#ConUnaSonrisaPodr√≠a recomendarle este video al @INEMexico porque est√© es un video #F‚Ä¶"
2018-03-21 14:47:47,"RT @alynmon: Las #Ni√±aBien votar√°n por
#YaSabesQui√©n

#ConUnaSonrisaPodr√≠a recomendarle este video al @INEMexico porque est√© es un video #F‚Ä¶"
2018-03-21 14:47:40,"RT @diazpol: Aparece VIDEO DETR√ÅS de C√ÅMARAS de #Ni√±aBien grabado en parroquia de Del. Benito Ju√°rez del #PAN.
https://t.co/cJEw4bxDzR"
2018-03-21 14:46:05,"RT @alynmon: Las #Ni√±aBien votar√°n por
#YaSabesQui√©n

#ConUnaSonrisaPodr√≠a recomendarle este video al @INEMexico porque est√© es un video #F‚Ä¶"
2018-03-21 14:45:20,"#Blog El acuerdo final para las las candidaturas #PAN
https://t.co/YxOnv9WfAa https://t.co/8Zif6ZpzlG"
2018-03-21 14:45:03,"RT @alynmon: Las #Ni√±aBien votar√°n por
#YaSabesQui√©n

#ConUnaSonrisaPodr√≠a recomendarle este video al @INEMexico porque est√© es un video #F‚Ä¶"
2018-03-21 14:44:50,"Cambridge Analytica vino a #M√©xico y ofreci√≥ sus servicios al #PRI y el #PAN 
https://t.co/lmkO7mRPR3 https://t.co/TPoxVzQ7l1"
2018-03-21 14:44:44,"RT @alynmon: Las #Ni√±aBien votar√°n por
#YaSabesQui√©n

#ConUnaSonrisaPodr√≠a recomendarle este video al @INEMexico porque est√© es un video #F‚Ä¶"
2018-03-21 14:44:43,"RT @alynmon: Las #Ni√±aBien votar√°n por
#YaSabesQui√©n

#ConUnaSonrisaPodr√≠a recomendarle este video al @INEMexico porque est√© es un video #F‚Ä¶"
2018-03-21 14:44:32,"üì∞#Pol√≠tica | Cambridge Analytica vino a M√©xico y ofreci√≥ sus servicios al #PRI y el #PAN 
https://t.co/owuxShjbjs https://t.co/yMfrjLLlUS"
2018-03-21 14:42:53,"RT @alynmon: Las #Ni√±aBien votar√°n por
#YaSabesQui√©n

#ConUnaSonrisaPodr√≠a recomendarle este video al @INEMexico porque est√© es un video #F‚Ä¶"
2018-03-21 14:42:33,"RT @alynmon: Las #Ni√±aBien votar√°n por
#YaSabesQui√©n

#ConUnaSonrisaPodr√≠a recomendarle este video al @INEMexico porque est√© es un video #F‚Ä¶"
2018-03-21 14:40:18,"RT @alynmon: Las #Ni√±aBien votar√°n por
#YaSabesQui√©n

#ConUnaSonrisaPodr√≠a recomendarle este video al @INEMexico porque est√© es un video #F‚Ä¶"
2018-03-21 14:39:32,"RT @yeidckol: Mentiras las @damianzepeda: 

¬°El √∫nico pacto de #MORENA es con la gente! 

Los que llevan a√±os pactando para hundir al pa√≠s‚Ä¶"
2018-03-21 14:39:30,"No tenemos contratos con esa empresa. En el caso de los partidos pol√≠ticos, la contrataci√≥n es p√∫blica y aparece en‚Ä¶ https://t.co/lePTMqRxwg"
2018-03-21 14:39:02,"Unas torrijas de postre, quien hace el caf√©?  #midiversionenlacocina #torrijas #pan  #leche‚Ä¶ https://t.co/gobGKAdqZ6"
2018-03-21 14:38:14,"Este es, sin duda, un momento hist√≥rico para Guerrero. El reto es may√∫sculo y requiere una suma de esfuerzos; por e‚Ä¶ https://t.co/nNDmNLpC8l"
2018-03-21 14:36:40,"RT @alynmon: Las #Ni√±aBien votar√°n por
#YaSabesQui√©n

#ConUnaSonrisaPodr√≠a recomendarle este video al @INEMexico porque est√© es un video #F‚Ä¶"
2018-03-21 14:36:13,RT @Andreagomeznews: Empieza tus ma√±anas con panes hondure√±os @mamalycha mojalos en tu caf√© o chocolate caliente para iniciar tu dia lleno‚Ä¶
2018-03-21 14:35:46,Empieza tus ma√±anas con panes hondure√±os @mamalycha mojalos en tu caf√© o chocolate caliente para iniciar tu dia lle‚Ä¶ https://t.co/BZWeTURmKb
2018-03-21 14:34:22,"RT @yeidckol: Mentiras las @damianzepeda: 

¬°El √∫nico pacto de #MORENA es con la gente! 

Los que llevan a√±os pactando para hundir al pa√≠s‚Ä¶"
2018-03-21 14:33:13,"RT @Entera2mx: ELECCIONES EN GUERRERO 

@HectorAstudillo, gobernador de #Guerrero, reitera su compromiso e inter√©s para que la pr√≥xima jorn‚Ä¶"
2018-03-21 14:32:54,"RT @Entera2mx: RONALDINHO, AHORA EN LA POL√çTICA 

Ronaldo de Assis Moreira se afili√≥ al Partido Republicano Brasile√±o y podr√≠a presentar su‚Ä¶"
2018-03-21 14:30:33,"RT @FelipedlaCruzXV: - Nuevamente salen a la luz los lujos y excesos de Alejandra Barrales, por lo que ya no quiere que su declaraci√≥n patr‚Ä¶"
2018-03-21 14:30:21,"RT @alynmon: Las #Ni√±aBien votar√°n por
#YaSabesQui√©n

#ConUnaSonrisaPodr√≠a recomendarle este video al @INEMexico porque est√© es un video #F‚Ä¶"
2018-03-21 14:30:07,"RT @yeidckol: Mentiras las @damianzepeda: 

¬°El √∫nico pacto de #MORENA es con la gente! 

Los que llevan a√±os pactando para hundir al pa√≠s‚Ä¶"
2018-03-21 14:29:13,"RT @alynmon: Las #Ni√±aBien votar√°n por
#YaSabesQui√©n

#ConUnaSonrisaPodr√≠a recomendarle este video al @INEMexico porque est√© es un video #F‚Ä¶"
2018-03-21 14:28:59,"RT @alynmon: Las #Ni√±aBien votar√°n por
#YaSabesQui√©n

#ConUnaSonrisaPodr√≠a recomendarle este video al @INEMexico porque est√© es un video #F‚Ä¶"
2018-03-21 14:27:54,Hoy En Medio De Los Medios: @DrRamonEnriquez beneficiario directo de las traiciones en #Morena. Las elecciones En‚Ä¶ https://t.co/oFmpxIWNw9
2018-03-21 14:27:05,"RT @alynmon: Las #Ni√±aBien votar√°n por
#YaSabesQui√©n

#ConUnaSonrisaPodr√≠a recomendarle este video al @INEMexico porque est√© es un video #F‚Ä¶"
2018-03-21 14:27:03,"RT @alynmon: Las #Ni√±aBien votar√°n por
#YaSabesQui√©n

#ConUnaSonrisaPodr√≠a recomendarle este video al @INEMexico porque est√© es un video #F‚Ä¶"
2018-03-21 14:27:01,"RT @alynmon: Las #Ni√±aBien votar√°n por
#YaSabesQui√©n

#ConUnaSonrisaPodr√≠a recomendarle este video al @INEMexico porque est√© es un video #F‚Ä¶"
2018-03-21 14:26:58,"RT @alynmon: Las #Ni√±aBien votar√°n por
#YaSabesQui√©n

#ConUnaSonrisaPodr√≠a recomendarle este video al @INEMexico porque est√© es un video #F‚Ä¶"
2018-03-21 14:26:17,"RT @alynmon: Las #Ni√±aBien votar√°n por
#YaSabesQui√©n

#ConUnaSonrisaPodr√≠a recomendarle este video al @INEMexico porque est√© es un video #F‚Ä¶"
2018-03-21 14:25:04,"RT @FelipedlaCruzXV: - Nuevamente salen a la luz los lujos y excesos de Alejandra Barrales, por lo que ya no quiere que su declaraci√≥n patr‚Ä¶"
2018-03-21 14:25:01,"RT @FelipedlaCruzXV: - Nuevamente salen a la luz los lujos y excesos de Alejandra Barrales, por lo que ya no quiere que su declaraci√≥n patr‚Ä¶"
2018-03-21 14:25:00,"RT @alynmon: Las #Ni√±aBien votar√°n por
#YaSabesQui√©n

#ConUnaSonrisaPodr√≠a recomendarle este video al @INEMexico porque est√© es un video #F‚Ä¶"
2018-03-21 14:24:53,"RT @FelipedlaCruzXV: - Nuevamente salen a la luz los lujos y excesos de Alejandra Barrales, por lo que ya no quiere que su declaraci√≥n patr‚Ä¶"
2018-03-21 14:24:50,"RT @alynmon: Las #Ni√±aBien votar√°n por
#YaSabesQui√©n

#ConUnaSonrisaPodr√≠a recomendarle este video al @INEMexico porque est√© es un video #F‚Ä¶"
2018-03-21 14:24:48,"RT @FelipedlaCruzXV: - Nuevamente salen a la luz los lujos y excesos de Alejandra Barrales, por lo que ya no quiere que su declaraci√≥n patr‚Ä¶"
2018-03-21 14:24:41,"RT @FelipedlaCruzXV: - Nuevamente salen a la luz los lujos y excesos de Alejandra Barrales, por lo que ya no quiere que su declaraci√≥n patr‚Ä¶"
2018-03-21 14:24:32,"RT @FelipedlaCruzXV: - Nuevamente salen a la luz los lujos y excesos de Alejandra Barrales, por lo que ya no quiere que su declaraci√≥n patr‚Ä¶"
2018-03-21 14:24:25,"RT @FelipedlaCruzXV: - Nuevamente salen a la luz los lujos y excesos de Alejandra Barrales, por lo que ya no quiere que su declaraci√≥n patr‚Ä¶"
2018-03-21 14:23:01,"RT @politicosmex: ""#PRIAN"" quiere eliminar al #PAN de #Anaya y dej√°rselo al ""#PRI con cara de mujer"" de Cordero y Calder√≥n: Solalinde https‚Ä¶"
2018-03-21 14:22:43,"RT @alynmon: Las #Ni√±aBien votar√°n por
#YaSabesQui√©n

#ConUnaSonrisaPodr√≠a recomendarle este video al @INEMexico porque est√© es un video #F‚Ä¶"
2018-03-21 14:20:49,"RT @alynmon: Las #Ni√±aBien votar√°n por
#YaSabesQui√©n

#ConUnaSonrisaPodr√≠a recomendarle este video al @INEMexico porque est√© es un video #F‚Ä¶"
2018-03-21 14:19:13,"RT @MtroAValadezPAN: #UnDiaComoHoy de 1959, el Consejo  Nacional elige al Lic. Jos√© Gonz√°lez Torres como Presidente Nacional del #PAN 1959‚Ä¶"
2018-03-21 14:18:18,"RT @chemamtzmtz: Entre #LaEstafaMaestra, el #ArcadeNo√© y la #NavedelOlvido, as√≠ las cosas con el #PRI y el #PAN https://t.co/462utl5DJf"
2018-03-21 14:17:47,RT @ileana_Mex: No puede estar mejor representado el nuevo #PAN que con alguien como Preciado ü§Æ #Moches #FiestasEnCongreso #Mujeres #Tranza‚Ä¶
2018-03-21 14:17:14,"RT @alynmon: Las #Ni√±aBien votar√°n por
#YaSabesQui√©n

#ConUnaSonrisaPodr√≠a recomendarle este video al @INEMexico porque est√© es un video #F‚Ä¶"
2018-03-21 14:17:01,#Delicioso #pan de #avellana preparado en el molde pan con tapa de #aluminio #anodizado de‚Ä¶ https://t.co/U2masZECX8
2018-03-21 14:09:05,"Fraile, vocero del #PAN; Max Cort√°zar, de Martha Erika https://t.co/HnmVbxVRIw https://t.co/CL0V03QavT"
2018-03-21 14:08:56,"RT @alynmon: Las #Ni√±aBien votar√°n por
#YaSabesQui√©n

#ConUnaSonrisaPodr√≠a recomendarle este video al @INEMexico porque est√© es un video #F‚Ä¶"
2018-03-21 14:08:27,"RT @yeidckol: Mentiras las @damianzepeda: 

¬°El √∫nico pacto de #MORENA es con la gente! 

Los que llevan a√±os pactando para hundir al pa√≠s‚Ä¶"
2018-03-21 14:07:44,"RT @alynmon: Las #Ni√±aBien votar√°n por
#YaSabesQui√©n

#ConUnaSonrisaPodr√≠a recomendarle este video al @INEMexico porque est√© es un video #F‚Ä¶"
2018-03-21 14:06:32,RT @mario_delgado1: El #PRI y el #PAN son lo mismo y as√≠ lo han demostrado en temas como el #gasolinazo y la fallida estrategia de segurida‚Ä¶
2018-03-21 14:06:06,"RT @chemamtzmtz: Entre #LaEstafaMaestra, el #ArcadeNo√© y la #NavedelOlvido, as√≠ las cosas con el #PRI y el #PAN https://t.co/462utl5DJf"
2018-03-21 14:03:43,El PAN podr√° presentar candidaturas propias en siete municipios donde no va con MC y PRD - https://t.co/BjjIikar6o #PAN
2018-03-21 14:02:46,"RT @PT_Morena: üìå Un gobierno del #PAN intent√≥ hacer un nuevo aeropuerto y termin√≥ haciendo una terminal 2 llena de corrupci√≥n, afirma el Se‚Ä¶"
2018-03-21 14:00:51,Mi fantas√≠a sexual es que nadie vote por el #PAN.
2018-03-21 13:57:50,"RT @alynmon: Las #Ni√±aBien votar√°n por
#YaSabesQui√©n

#ConUnaSonrisaPodr√≠a recomendarle este video al @INEMexico porque est√© es un video #F‚Ä¶"
2018-03-21 13:57:44,"RT @yeidckol: Mentiras las @damianzepeda: 

¬°El √∫nico pacto de #MORENA es con la gente! 

Los que llevan a√±os pactando para hundir al pa√≠s‚Ä¶"
2018-03-21 13:56:52,"RT @yeidckol: Mentiras las @damianzepeda: 

¬°El √∫nico pacto de #MORENA es con la gente! 

Los que llevan a√±os pactando para hundir al pa√≠s‚Ä¶"
2018-03-21 13:55:56,"RT @alynmon: Las #Ni√±aBien votar√°n por
#YaSabesQui√©n

#ConUnaSonrisaPodr√≠a recomendarle este video al @INEMexico porque est√© es un video #F‚Ä¶"
2018-03-21 13:55:32,"RT @PT_Morena: üìå Un gobierno del #PAN intent√≥ hacer un nuevo aeropuerto y termin√≥ haciendo una terminal 2 llena de corrupci√≥n, afirma el Se‚Ä¶"
2018-03-21 13:54:36,RT @boleadorcharrua: #Pan de licuadora lo m√°s sencillo r√°pido y econ√≥mico https://t.co/Hvope1sYPu
2018-03-21 13:53:19,"RT @alynmon: Las #Ni√±aBien votar√°n por
#YaSabesQui√©n

#ConUnaSonrisaPodr√≠a recomendarle este video al @INEMexico porque est√© es un video #F‚Ä¶"
2018-03-21 13:53:04,"RT @alynmon: Las #Ni√±aBien votar√°n por
#YaSabesQui√©n

#ConUnaSonrisaPodr√≠a recomendarle este video al @INEMexico porque est√© es un video #F‚Ä¶"
2018-03-21 13:53:02,"RT @yeidckol: Mentiras las @damianzepeda: 

¬°El √∫nico pacto de #MORENA es con la gente! 

Los que llevan a√±os pactando para hundir al pa√≠s‚Ä¶"
2018-03-21 13:51:25,"RT @alynmon: Las #Ni√±aBien votar√°n por
#YaSabesQui√©n

#ConUnaSonrisaPodr√≠a recomendarle este video al @INEMexico porque est√© es un video #F‚Ä¶"
2018-03-21 13:49:39,"RT @yeidckol: Mentiras las @damianzepeda: 

¬°El √∫nico pacto de #MORENA es con la gente! 

Los que llevan a√±os pactando para hundir al pa√≠s‚Ä¶"
2018-03-21 13:49:25,"RT @PT_Morena: üìå Un gobierno del #PAN intent√≥ hacer un nuevo aeropuerto y termin√≥ haciendo una terminal 2 llena de corrupci√≥n, afirma el Se‚Ä¶"
2018-03-21 13:49:13,"üìå Un gobierno del #PAN intent√≥ hacer un nuevo aeropuerto y termin√≥ haciendo una terminal 2 llena de corrupci√≥n, afi‚Ä¶ https://t.co/1GvcJ4f5yy"
2018-03-21 13:48:15,RT @Voxmontejano: Y as√≠... las cosas en San Miguel de Allende #PAN #Guanajuato https://t.co/fUZt5VnxFV
2018-03-21 13:46:20,"RT @alynmon: Las #Ni√±aBien votar√°n por
#YaSabesQui√©n

#ConUnaSonrisaPodr√≠a recomendarle este video al @INEMexico porque est√© es un video #F‚Ä¶"
2018-03-21 13:44:39,"RT @yeidckol: Mentiras las @damianzepeda: 

¬°El √∫nico pacto de #MORENA es con la gente! 

Los que llevan a√±os pactando para hundir al pa√≠s‚Ä¶"
2018-03-21 13:44:29,"RT @alynmon: Las #Ni√±aBien votar√°n por
#YaSabesQui√©n

#ConUnaSonrisaPodr√≠a recomendarle este video al @INEMexico porque est√© es un video #F‚Ä¶"
2018-03-21 13:43:40,"RT @yeidckol: Mentiras las @damianzepeda: 

¬°El √∫nico pacto de #MORENA es con la gente! 

Los que llevan a√±os pactando para hundir al pa√≠s‚Ä¶"
2018-03-21 13:43:32,"RT @alynmon: Las #Ni√±aBien votar√°n por
#YaSabesQui√©n

#ConUnaSonrisaPodr√≠a recomendarle este video al @INEMexico porque est√© es un video #F‚Ä¶"
2018-03-21 13:43:12,"RT @alynmon: Las #Ni√±aBien votar√°n por
#YaSabesQui√©n

#ConUnaSonrisaPodr√≠a recomendarle este video al @INEMexico porque est√© es un video #F‚Ä¶"
2018-03-21 13:43:08,"RT @yeidckol: Mentiras las @damianzepeda: 

¬°El √∫nico pacto de #MORENA es con la gente! 

Los que llevan a√±os pactando para hundir al pa√≠s‚Ä¶"
2018-03-21 13:41:23,"RT @yeidckol: Mentiras las @damianzepeda: 

¬°El √∫nico pacto de #MORENA es con la gente! 

Los que llevan a√±os pactando para hundir al pa√≠s‚Ä¶"
2018-03-21 13:41:07,"RT @alynmon: Las #Ni√±aBien votar√°n por
#YaSabesQui√©n

#ConUnaSonrisaPodr√≠a recomendarle este video al @INEMexico porque est√© es un video #F‚Ä¶"
2018-03-21 13:39:41,"Ap√©rese YA! Que el viernes nos vamos a niamchile y cerramos a 1/2 d√≠a 
#pan de campo #singluten‚Ä¶ https://t.co/iUxVRq3JCl"
2018-03-21 13:38:12,"RT @alynmon: Las #Ni√±aBien votar√°n por
#YaSabesQui√©n

#ConUnaSonrisaPodr√≠a recomendarle este video al @INEMexico porque est√© es un video #F‚Ä¶"
2018-03-21 13:37:30,"RT @alynmon: Las #Ni√±aBien votar√°n por
#YaSabesQui√©n

#ConUnaSonrisaPodr√≠a recomendarle este video al @INEMexico porque est√© es un video #F‚Ä¶"
